# callgrind format
version: 1
creator: callgrind-3.22.0
pid: 79780
cmd:  ./main ./test/task1.txt 0
part: 1


desc: I1 cache: 
desc: D1 cache: 
desc: LL cache: 

desc: Timerange: Basic block 0 - 3320881
desc: Trigger: Program termination

positions: line
events: Ir
summary: 12549047


ob=(6) /usr/lib/x86_64-linux-gnu/libgomp.so.1.0.0
fl=(189) ???
fn=(628) 0x00000000000250e0
0 7
cob=(4) ???
cfi=(181) ???
cfn=(630) 0x00000000059a7d00
calls=1 0 
0 1341
0 5
cfn=(670) 0x000000000000e490
calls=1 0 
0 2763
0 2
cob=(4)
cfi=(181)
cfn=(706) 0x00000000059a7ca0
calls=1 0 
0 938
0 7
cob=(4)
cfi=(181)
cfn=(714) 0x00000000059a7dd0
calls=1 0 
0 1473
0 6
cob=(4)
cfi=(181)
cfn=(728) 0x00000000059a7940
calls=1 0 
0 1079
0 665

fn=(670)
0 91
cob=(4)
cfi=(181)
cfn=(672) 0x00000000059a7b80
calls=13 0 
0 4329
0 65

fn=(848) 0x0000000000010b20
0 5

fn=(2536) 0x0000000000024750
0 620
cfn=(2504) 0x0000000000024680
calls=20 0 
0 340
0 160

fn=(2618) 0x0000000000024720
0 240

fn=(2624) 0x000000000001b500
0 640

fn=(2662) GOMP_task
0 690
cfn=(670)
calls=10 0 
0 1320
0 680
cfn=(2668) 0x000000000001a070
calls=10 0 
0 450
0 310
cfn=(2668)
calls=10 0 
0 450
0 90
cob=(4)
cfi=(181)
cfn=(2664) 0x00000000059a7b20
calls=10 0 
0 1246
0 30

fn=(2692) 0x000000000001bfb0
0 440
cfn=(2704) 0x000000000001a800
calls=10 0 
0 590
0 220
cob=(10) /usr/local/lib/libgbla--no-undefined.so
cfi=(275) /home/kirill/gbla-0.2/src/elimination.c
cfn=(2844) elim_fl_C_sparse_dense_block._omp_fn.1
calls=5 686 
0 4377261
cob=(10)
cfi=(275)
cfn=(2742) elim_fl_A_sparse_dense_block._omp_fn.1
calls=5 268 
0 4049902
0 260
cfn=(2802) 0x00000000000257d0
calls=10 0 
0 130
0 170
cob=(4)
cfi=(181)
cfn=(2638) 0x00000000059a7770
calls=10 0 
0 870
0 470

fn=(962) 0x000000000003c0d0
0 40
cob=(4)
cfi=(181)
cfn=(964) 0x00000000059a7a30
calls=1 0 
0 1007
0 5

fn=(2444) 0x0000000000024610
0 7
cfn=(670)
calls=1 0 
0 201
0 5
cfn=(2448) 0x000000000001b490
calls=1 0 
0 19
0 5
cob=(4)
cfi=(181)
cfn=(2452) 0x00000000059a7e70
calls=1 0 
0 1182
0 4

fn=(2510) 0x00000000000229f0
0 3040
cfn=(2448)
calls=40 0 
0 760
0 800

fn=(2650) omp_get_num_threads
0 160

fn=(2910) GOMP_loop_end
0 175
cfn=(2604) 0x0000000000025820
calls=5 0 
0 205
0 40

fn=(2484) 0x000000000000e530
0 400
cob=(4)
cfi=(181)
cfn=(2486) 0x00000000059a7b50
calls=40 0 
0 31663
0 200

fn=(2704)
0 590

fn=(3260) 0x000000000000c210
0 3
cob=(4)
cfi=(181)
cfn=(3262) 0x00000000059a7a70
calls=1 0 
0 993

fn=(3270) 0x000000000000c1d0
0 6

fn=(1002) 0x000000000000e3a0
0 6
cob=(4)
cfi=(181)
cfn=(964)
calls=1 0 
0 29
0 4

fn=(2442) omp_set_dynamic
0 155
cfn=(2444)
calls=1 0 
0 1423
0 5

fn=(2600) 0x0000000000025a10
0 2000

fn=(2604)
0 205

fn=(2668)
0 900

fn=(2686) GOMP_barrier
0 630
cfn=(2692)
calls=10 0 
0 8430313
0 110

fn=(626) 0x000000000000cc30
0 13
cfn=(628)
calls=1 0 
0 8286
0 6
cfn=(754) 0x000000000000cb30
calls=1 0 
0 1152
0 686
cob=(4)
cfi=(181)
cfn=(796) 0x00000000059a7840
calls=82 0 
0 3737
0 341
cob=(4)
cfi=(181)
cfn=(864) 0x00000000059a7890
calls=1 0 
0 2549
0 6
cfn=(872) 0x0000000000010290
calls=1 0 
0 52
0 2
cob=(4)
cfi=(181)
cfn=(834) 0x00000000059a7790
calls=1 0 
0 607
0 6
cob=(4)
cfi=(181)
cfn=(834)
calls=1 0 
0 1388
0 34
cob=(4)
cfi=(181)
cfn=(834)
calls=1 0 
0 1574
0 6
cfn=(848)
calls=1 0 
0 5
0 6
cob=(4)
cfi=(181)
cfn=(834)
calls=1 0 
0 607
0 9
cob=(4)
cfi=(181)
cfn=(834)
calls=1 0 
0 1424
0 9
cob=(4)
cfi=(181)
cfn=(924) 0x00000000059a7a90
calls=1 0 
0 991
0 5
cob=(4)
cfi=(181)
cfn=(834)
calls=1 0 
0 607
0 6
cob=(4)
cfi=(181)
cfn=(834)
calls=1 0 
0 541
0 5
cfn=(872)
calls=1 0 
0 52
0 6
cob=(4)
cfi=(181)
cfn=(834)
calls=1 0 
0 541
0 5
cob=(4)
cfi=(181)
cfn=(834)
calls=1 0 
0 1397
0 4
cfn=(962)
calls=1 0 
0 1052
0 1
cfn=(990) 0x0000000000045060
calls=1 0 
0 577
0 32
cob=(4)
cfi=(181)
cfn=(834)
calls=1 0 
0 1424
0 29

fn=(754)
0 22
cfn=(760) 0x000000000000e4c0
calls=1 0 
0 1107
0 23

fn=(2802)
0 130

fn=(3284) 0x000000000000e3d0
0 5

fn=(2576) GOMP_loop_dynamic_next
0 360

fn=(2466) 0x00000000000186f0
0 920

fn=(2504)
0 1020

fn=(2656) omp_get_thread_num
0 80

fn=(760)
0 9
cob=(4)
cfi=(181)
cfn=(762) 0x00000000059a7ac0
calls=1 0 
0 1093
0 5

fn=(872)
0 28
cfn=(874) 0x000000000000fbe0
calls=2 0 
0 50
0 26

fn=(874)
0 50

fn=(2464) GOMP_parallel
0 520
cfn=(2466)
calls=40 0 
0 920
0 120
cfn=(2470) 0x00000000000227d0
calls=40 0 
0 36358
0 280
cfn=(2510)
calls=40 0 
0 4600
0 80
cob=(10)
cfi=(276) /home/kirill/gbla-0.2/src/mapping.c
cfn=(2926) reconstruct_matrix_block_no_multiline._omp_fn.1
calls=5 802 
0 3367
cob=(10)
cfi=(276)
cfn=(2900) reconstruct_matrix_block_no_multiline._omp_fn.0
calls=5 721 
0 51719
cob=(10)
cfi=(275)
cfn=(2842) elim_fl_C_sparse_dense_block._omp_fn.0
calls=5 681 
0 4382133
cob=(10)
cfi=(284) /home/kirill/gbla-0.2/src/matrix.h
cfn=(2836) free_sparse_submatrix._omp_fn.0
calls=10 666 
0 77905
cob=(10)
cfi=(275)
cfn=(2644) elim_fl_A_sparse_dense_block._omp_fn.0
calls=5 263 
0 4061437
cob=(10)
cfi=(279) /home/kirill/gbla-0.2/./src/mapping.h
cfn=(2528) fill_sparse_dense_submatrices._omp_fn.0
calls=10 2815 
0 832392
0 1120
cfn=(2600)
calls=40 0 
0 2000
0 200
cfn=(2618)
calls=40 0 
0 240
0 40
cfn=(2624)
calls=40 0 
0 640
0 1160
cob=(4)
cfi=(181)
cfn=(2638)
calls=40 0 
0 10699

fn=(2470)
0 800
cfn=(2484)
calls=40 0 
0 32263
0 560
cfn=(2504)
calls=40 0 
0 680
0 1803
cfn=(670)
calls=1 0 
0 201
0 10
cob=(4)
cfi=(181)
cfn=(2452)
calls=1 0 
0 39
0 2

fn=(2584) GOMP_loop_end_nowait
0 585

fn=(620) 0x000000000000e480
0 12

fn=(990)
0 18
cob=(4)
cfi=(181)
cfn=(864)
calls=1 0 
0 547
0 12

fn=(2448)
0 779

fn=(2534) GOMP_loop_dynamic_start
0 808
cfn=(2536)
calls=20 0 
0 1120
0 1100

fn=(2832) GOMP_taskwait
0 340

fn=(3268) 0x000000000000c200
0 3
cob=(4)
cfi=(181)
cfn=(3262)
calls=1 0 
0 18

fn=(3274) 0x000000000000e440
0 9
cob=(4)
cfi=(181)
cfn=(3280) 0x00000000059a7780
calls=1 0 
0 80
0 1
cfn=(3284)
calls=1 0 
0 5
0 3

ob=(9) /usr/lib/x86_64-linux-gnu/libmpfr.so.6.2.1
fl=(224) ???
fn=(3216) 0x000000000001bca0
0 5

fn=(1032) 0x000000000001bd50
0 12

fn=(3206) 0x000000000001bd10
0 9
cob=(4)
cfi=(181)
cfn=(3212) 0x0000000005854710
calls=1 0 
0 80
0 1
cfn=(3216)
calls=1 0 
0 5
0 3

ob=(2) /usr/lib/x86_64-linux-gnu/libc.so.6
fl=(167) ./time/../sysdeps/unix/sysv/linux/time.c
fn=(532) time
38 1
fi=(302) ./time/../sysdeps/unix/sysv/linux/dl-vdso.h
+2 2
+1 2
fe=(167)
-3 2

fl=(163) ./time/../sysdeps/unix/sysv/linux/gettimeofday.c
fn=(522) gettimeofday
42 2
fi=(302)
-2 4
+1 4
fe=(163)
+1 4

fl=(127) ./string/../sysdeps/x86_64/multiarch/strlen.c
fn=(394) strlen
29 4
fi=(84) ./string/../sysdeps/x86_64/multiarch/ifunc-avx2.h
+11 12
-2 16
fe=(127)
-9 8
fi=(84)
+12 8
+1 12
+3 8
+4 12
+3 20
fe=(127)

fl=(301) ./posix/../sysdeps/unix/sysv/linux/_exit.c
fn=(3304) _Exit
27 2
+3 2

fl=(94) ./debug/../sysdeps/x86_64/multiarch/memcpy_chk.c
fn=(308) __memcpy_chk
29 2
fi=(93) ./debug/../sysdeps/x86_64/multiarch/ifunc-memmove.h
+28 6
-1 4
+4 6
+14 4
+3 4
+8 4
+8 4
+3 10
fe=(94)

fl=(221) ./nptl/./nptl/pthread_key_create.c
fn=(968) pthread_key_create@@GLIBC_2.34
25 2
+2 6
+2 2
+2 4
-2 1
+2 8
-4 4
+6 6
+4 6
+6 2
-3 2
+3 2

fl=(233) ./setjmp/../sysdeps/x86_64/bsd-_setjmp.S
fn=(1174) _setjmp
28 1
+2 1
+2 1
cfi=(234) ./setjmp/../sysdeps/x86_64/setjmp.S
cfn=(1176) __sigsetjmp
calls=1 -1 
* 35

fl=(100) ./wcsmbs/../sysdeps/x86_64/multiarch/wcscat.c
fn=(324) wcschr
31 2
fi=(101) ./wcsmbs/../sysdeps/x86_64/multiarch/ifunc-avx2.h
+9 6
-2 8
fi=(102) ./wcsmbs/../sysdeps/x86_64/multiarch/wcschr.c
-7 4
fi=(101)
+10 4
+1 6
+3 4
+4 6
+3 10
fe=(100)

fn=(390) wcscat
31 1
fi=(97) ./wcsmbs/../sysdeps/x86_64/multiarch/ifunc-wcs.h
+9 3
-1 4
+2 3
+3 2
+4 4
fe=(100)
-17 1

fl=(108) ./string/../sysdeps/x86_64/multiarch/stpncpy.c
fn=(344) stpncpy
31 1
fi=(109) ./string/../sysdeps/x86_64/multiarch/ifunc-strncpy.h
+4 5
+1 3
+3 2
+4 3
+3 4
fe=(108)
-15 1

fl=(261) ./debug/./debug/fprintf_chk.c
fn=(1710) __fprintf_chk
25 2898
+3 414
+4 207
-4 207
+4 207
+1 207
-1 207
-4 207
+4 621
+1 207
cfi=(262) ./stdio-common/./stdio-common/vfprintf-internal.c
cfn=(1712) __vfprintf_internal
calls=207 1522 
* 104805
+4 1035

fl=(241) ./string/../string/strstr.c
fn=(1212) __GI_strstr
77 9
+5 1
-5 3
+5 2
+2 4
cob=(4)
cfi=(181)
cfn=(1214) 0x000000000565e680
calls=1 -84 
* 23
* 1
+1 2
+1 2
+75 12

fl=(199) ./stdlib/../stdlib/strtol.c
fn=(660) __isoc23_strtoul
125 2
+1 10
cfi=(200) ./stdlib/../stdlib/strtol_l.c
cfn=(662) ____strtoul_l_internal
calls=2 238 
* 250

fn=(1252) __strtol_internal
107 3
+1 12
cfi=(200)
cfn=(1254) ____strtol_l_internal
calls=3 238 
* 303

fl=(243) ./stdio-common/./stdio-common/isoc99_fscanf.c
fn=(1220) __isoc99_fscanf
25 13
+4 1
+1 2
-1 5
+1 1
cfi=(244) ./stdio-common/./stdio-common/vfscanf-internal.c
cfn=(1222) __vfscanf_internal
calls=1 278 
* 2043
+4 5

fl=(117) ./string/../sysdeps/x86_64/multiarch/strcat.c
fn=(362) strcat
29 3
fi=(118) ./string/../sysdeps/x86_64/multiarch/ifunc-strcpy.h
+9 6
+1 3
-1 6
+1 6
+3 6
+4 9
+3 9
fe=(117)
-20 3

fl=(287) ./stdlib/./stdlib/qsort.c
fn=(2878) qsort
404 5
+1 10
cfn=(2880) qsort_r
calls=5 -61 
* 382

fn=(2880)
344 60
+1 14
+9 1
-1 2
-3 1
+7 2
-1 2
132 1
385 1
140 1
-8 6
385 4
201 1
cfn=(3044) msort_with_tmp.part.0
calls=1 -5 
* 217
396 2
+2 55
135 1
-1 2
+6 1
-4 2
+1 2
+3 4

fn=(3044)
196 7
+8 1
-8 1
+8 1
+1 2
-9 1
+11 1
-11 2
+11 1
-11 1
+11 1
-6 9
cfn=(3045) msort_with_tmp.part.0'2
calls=1 -5 
* 106
+11 2
+1 2
+1 2
+1 1
+1 1
-1 1
+1 6
+77 2
fi=(303) ./stdlib/../string/bits/string_fortified.h
29 1
fe=(287)
293 1
fi=(303)
29 2
fe=(287)
294 7
fi=(303)
29 1
cob=(4)
cfi=(181)
cfn=(1266) 0x000000000565e6b0
calls=1 -29 
* 15
fe=(287)
293 2
-87 1
+31 3
+2 5
cob=(13) /home/kirill/code/GB2/main
cfi=(229) ???
cfn=(3046) cmp_dr
calls=1 0 
* 19
* 2
+2 1
+10 1
-9 1
+1 1
-6 3

fn=(3045)
196 7
+8 1
-8 1
+8 1
+1 2
-9 1
+11 1
-11 2
+11 1
-11 1
+11 1
-6 4
+15 2
+77 2
fi=(303)
29 1
fe=(287)
293 1
fi=(303)
29 2
fe=(287)
294 7
fi=(303)
29 1
cob=(4)
cfi=(181)
cfn=(1266)
calls=1 -29 
* 15
fe=(287)
293 2
-81 1
+1 1
-1 1
+1 1
+1 2
+1 1
+1 1
-1 1
+1 4
-10 1
+31 3
+2 5
cob=(13)
cfi=(229)
cfn=(3046)
calls=1 0 
* 19
* 2
+2 1
+10 1
-9 1
+1 1
-6 3

fl=(272) ./libio/./libio/iovsprintf.c
fn=(2220) __vsprintf_internal
37 15204
+8 2172
+2 403
+5 806
+10 403
fi=(304) ./libio/../include/printf_buffer.h
+64 403
fe=(272)
-64 403
fi=(304)
+65 403
+1 403
-4 403
fe=(272)
-62 403
cfi=(262)
cfn=(1718) __printf_buffer
calls=403 600 
* 148358
+4 1209
+2 1086
+2 2172
cfi=(266) ./stdio-common/./stdio-common/Xprintf_buffer_done.c
cfn=(1734) __printf_buffer_done
calls=1086 -45 
* 20634
+1 6516
-9 683
fi=(304)
+64 683
fe=(272)
-64 683
fi=(304)
+65 683
+1 683
-4 683
fe=(272)
-62 683
cfi=(262)
cfn=(1718)
calls=683 600 
* 180032
+6 2172

fl=(139) ./string/../sysdeps/x86_64/multiarch/strncase.c
fn=(432) strncasecmp
31 2
fi=(114) ./string/../sysdeps/x86_64/multiarch/ifunc-strcasecmp.h
+6 4
-1 8
fe=(139)
-5 4
fi=(114)
+7 6
+3 4
+4 6
+3 8
fe=(139)

fl=(206) ./malloc/./malloc/morecore.c
fn=(690) __glibc_morecore
25 85
+1 170
-1 170
+4 85
cfi=(207) ./misc/./misc/sbrk.c
cfn=(692) sbrk
calls=85 +8 
* 2864
+1 170
+4 170

fl=(110) ./wcsmbs/../sysdeps/x86_64/multiarch/wmemchr.c
fn=(348) wmemchr
31 2
fi=(111) ./wcsmbs/../sysdeps/x86_64/multiarch/ifunc-evex.h
+7 6
-1 8
+2 6
+6 4
-3 4
+9 6
+3 8
fe=(110)
-23 2

fl=(286) ./misc/../sysdeps/unix/syscall-template.S
fn=(2872) munmap
117 10
+5 2

fl=(208) ./misc/../sysdeps/unix/sysv/linux/brk.c
fn=(694) brk
36 55
fi=(305) ./misc/../sysdeps/unix/sysv/linux/brk_call.h
-12 110
fe=(208)
+13 110
+1 110
+6 55
+1 55

fl=(95) ./string/../sysdeps/x86_64/multiarch/memrchr.c
fn=(312) memrchr
29 1
fi=(84)
+11 3
-2 4
fe=(95)
-9 2
fi=(84)
+12 2
+1 3
+3 2
+4 3
+3 5
fe=(95)

fl=(259) ./string/../sysdeps/x86_64/multiarch/strcspn-sse4.c
fn=(1702) __strcspn_sse42
87 983
+1 1966
+8 2949
+40 983
+3 983
-3 983
fi=(306) /usr/lib/gcc/x86_64-linux-gnu/13/include/emmintrin.h
706 983
fi=(307) /usr/lib/gcc/x86_64-linux-gnu/13/include/tmmintrin.h
138 1966
fi=(269) /usr/lib/gcc/x86_64-linux-gnu/13/include/smmintrin.h
687 983
fe=(259)
144 983
+4 514
fi=(269)
634 514
fe=(259)
150 514
-2 1542
+1 876
-50 983
fi=(306)
1341 983
fe=(259)
99 983
fi=(306)
1341 1966
+98 983
fe=(259)
104 983
+1 1966
+2 983
fi=(306)
706 983
fe=(259)
109 983
fi=(306)
706 983
fi=(307)
138 983
fe=(259)
-29 1966
+53 152
fi=(269)
634 76
+53 152
+24 76
-24 76
+24 76
fe=(259)
160 152
fi=(269)
634 76
fe=(259)
163 228
+5 76
-23 938

fl=(200)
fn=(1254)
238 15
+54 3
-54 3
+19 3
-19 12
+14 3
-14 9
+26 6
+31 12
+9 18
+2 6
+5 6
-1 3
+6 6
+4 6
+15 6
+10 12
-87 6
395 3
+56 15
+26 3
+1 3
-84 3
-1 3
+96 6
-5 6
+5 3
+1 9
-41 6
+2 12
+2 9
+28 9
+3 6
+11 6
+5 9
+1 3
+5 6
+3 3
+15 3
-15 6
-2 6
+39 24
342 6

fn=(662)
238 10
+54 2
-54 2
+19 2
-19 8
+14 2
-14 6
+26 4
+31 8
+9 12
+2 4
+5 4
-1 2
+6 4
+4 4
+15 2
+10 8
-87 2
390 6
+1 6
+4 2
+56 10
+26 2
+1 2
-84 2
-1 2
+96 4
-5 6
+5 3
+1 9
-41 6
+2 12
+2 15
+7 4
+17 4
+4 9
+3 6
+11 4
+5 6
+1 2
+12 4
+11 10
+22 18
327 2
+15 4
-20 2
+5 2

fl=(215) ./string/../sysdeps/x86_64/multiarch/strcmp-avx2.S
fn=(802) __strncmp_avx2
206 284
+24 284
+5 284
+14 258
+25 258
+1 258
+1 258
+2 258
+1 258
+4 244
+4 244
+2 244
+2 244
+3 244
+2 244
+1 244
+11 244
+10 244
+1 244
+3 244
+4 488
+5 244
+1 244
+1 244
+13 26
+3 26
+10 26
+1 26
+3 26
+3 26
957 112
+1 112
+1 112
+1 112
+2 112
+3 112
+1 112
+4 74
+1 74
+9 7
+4 7
+1 7
+8 13
+1 13
+1 13
+1 13
+1 13
+1 13
+2 13
+47 14
+1 14
+3 14
+1 14
+1 14
+3 28
+7 14
+1 14
+1 14
+1 14
+10 38
+1 38
+3 7
+1 7
+1 7
+1 7
+6 7
+2 7
+3 7
+1 7
+5 1
+1 1
+2 1
+1 1
+1 1
+1 1
+1 1
+1 1
+1 1

fl=(128) ./string/../sysdeps/x86_64/multiarch/strncpy.c
fn=(398) strncpy
29 3
fi=(109)
+6 15
+1 9
+3 6
+4 9
+3 12
fe=(128)
-17 3

fl=(115) ./string/../sysdeps/x86_64/multiarch/strcspn.c
fn=(358) strcspn
29 3
fi=(308) ./string/../sysdeps/x86_64/multiarch/ifunc-sse4_2.h
+7 15
fe=(115)
-7 3

fl=(134) ./string/../sysdeps/x86_64/multiarch/memchr.c
fn=(418) memchr
29 2
fi=(135) ./string/../sysdeps/x86_64/multiarch/ifunc-evex.h
+9 6
-1 8
+2 6
+6 4
-3 4
+9 6
+3 8
fe=(134)
-25 2

fl=(235) ./setjmp/./setjmp/sigjmp.c
fn=(1178) __sigjmp_save
28 6
+2 2
-1 1
+5 4

fl=(213) ./posix/./posix/sched_cpucount.c
fn=(732) __sched_cpucount
35 1
+2 3
-1 1
+2 1
-10 2
-1 2
+2 1
-1 3
+1 21
-1 63
+10 1
-1 3
+3 2

fl=(300) ./nptl/./nptl/pthread_key_delete.c
fn=(3266) pthread_key_delete@@GLIBC_2.34
25 2
+3 4
+2 10
+2 4
+1 8
+3 2
+4 2

fl=(231) ./stdlib/./stdlib/cxa_atexit.c
fn=(1154) __cxa_atexit
67 7
-26 2
+2 8
+1 2
cfn=(1156) __new_exitfn
calls=1 +36 
* 33
+2 2
+8 1
-2 1
+3 1
+1 1
-4 2
+1 1
+4 4
+1 1
+11 6

fn=(1156)
80 1
+6 2
-6 4
+11 2
-10 1
+10 4
+2 4
-2 1
+10 1
-10 3
+45 1
+5 3
-4 1
+4 2
-18 1
-1 1
+12 1

fl=(87) ./wcsmbs/../sysdeps/x86_64/multiarch/wcsnlen.c
fn=(292) wcsnlen
30 1
fi=(88) ./wcsmbs/../sysdeps/x86_64/multiarch/ifunc-wcslen.h
+11 2
-1 4
+2 3
+3 2
+4 3
+3 3
fe=(87)
-22 1

fl=(291) ./stdlib/./stdlib/exit.c
fn=(3076) exit
137 2
+1 3
-1 1
+1 1
cfn=(3078) __run_exit_handlers
calls=1 38 
* 4579

fn=(3078)
38 12
+2 2
+3 5
+11 2
+2 2
+38 2
-30 6
+2 1
+1 1
-1 1
+3 7
+44 3
+13 1
-66 1
+66 3
+2 2
+3 2
cfi=(301)
cfn=(3304)
calls=1 27 
* 4
-29 1
+1 1
-2 1
+3 1
+3 1
-3 2
+3 3
+1 3
cob=(1) /usr/lib/x86_64-linux-gnu/ld-linux-x86-64.so.2
cfi=(293) ./elf/./elf/dl-fini.c
cfn=(3082) _dl_fini
calls=1 -82 
* 4016
+1 4
+10 3
+1 2
-79 1
cfi=(292) ./stdlib/./stdlib/cxa_thread_atexit_impl.c
cfn=(3080) __call_tls_dtors
calls=1 148 
* 13
* 1
+88 1
cfi=(237) ./libio/./libio/genops.c
cfn=(3292) _IO_cleanup
calls=1 842 
* 467
* 1

fl=(98) ./string/../sysdeps/x86_64/multiarch/memcmpeq.c
fn=(320) memcpy@@GLIBC_2.14
29 4
fi=(99) ./string/../sysdeps/x86_64/multiarch/ifunc-memmove.h
+28 12
-1 8
+4 12
+14 8
+3 8
+8 8
+8 8
+3 20
fe=(98)

fl=(196) ./io/../sysdeps/unix/sysv/linux/open64_nocancel.c
fn=(652) __open_nocancel
28 2
+3 1
-3 6
+3 6
+8 7
+2 5

fl=(126) ./string/../sysdeps/x86_64/multiarch/strcasecmp_l.c
fn=(386) strcasecmp_l
31 1
fi=(114)
+6 2
-1 4
fe=(126)
-5 2
fi=(114)
+7 3
+3 2
+4 3
+3 4
fe=(126)

fl=(246) ./libio/./libio/filedoalloc.c
fn=(1234) _IO_file_doallocate
78 22
+6 8
fi=(248) ./libio/./libio/libioP.h
1025 6
+1 4
fe=(246)
84 6
cfi=(238) ./libio/./libio/fileops.c
cfn=(1236) _IO_file_stat
calls=2 1147 
* 18
* 4
+2 8
+11 8
+4 4
cob=(4)
cfi=(181)
cfn=(1192) 0x000000000565e3f0
calls=2 0 
* 1726
* 2
+1 4
+2 8
cfi=(237)
cfn=(1240) _IO_setb
calls=2 329 
* 58
+1 2
+1 18
-15 1
fi=(309) ./libio/../include/sys/sysmacros.h
-44 6
fe=(246)
+44 1
-2 2
+5 2

fl=(96) ./wcsmbs/../sysdeps/x86_64/multiarch/wcsncpy.c
fn=(316) wcsncpy
31 1
fi=(97)
+9 3
-1 4
+2 3
+3 2
+4 4
fe=(96)
-17 1

fl=(138) ./string/../sysdeps/x86_64/multiarch/mempcpy.c
fn=(428) mempcpy
33 1
fi=(99)
+24 3
-1 2
+4 3
+14 2
+3 2
+8 2
+8 2
+3 5
fe=(138)

fl=(113) ./string/../sysdeps/x86_64/multiarch/strcasecmp.c
fn=(354) strcasecmp
31 2
fi=(114)
+6 4
-1 8
fe=(113)
-5 4
fi=(114)
+7 6
+3 4
+4 6
+3 8
fe=(113)

fl=(129) ./wcsmbs/../sysdeps/x86_64/multiarch/wmemcmp.c
fn=(402) wmemcmp
29 1
fi=(130) ./wcsmbs/../sysdeps/x86_64/multiarch/ifunc-memcmp.h
+5 5
+1 2
+1 2
+1 3
+3 2
+4 3
+3 4
fe=(129)
-18 2

fl=(137) ./wcsmbs/../sysdeps/x86_64/multiarch/wcpcpy.c
fn=(424) wcpncpy
31 1
fi=(97)
+9 3
-1 4
+2 3
+3 2
+4 4
fi=(310) ./wcsmbs/../sysdeps/x86_64/multiarch/wcpncpy.c
-17 1
fe=(137)

fl=(280) ./nptl/./nptl/pthread_setspecific.c
fn=(2456) pthread_setspecific@@GLIBC_2.34
25 16
+7 2
+4 4
+3 10
+2 2
-2 6
+4 6
+3 4
+35 2
+5 2
+1 2
-1 2
-20 2
+24 14

fl=(292)
fn=(3080)
148 4
+1 1
-1 1
+1 3
+16 4

fl=(180) ./nptl/./nptl/pthread_mutex_conf.c
fn=(570) __pthread_tunables_init
55 2
+1 2
-1 2
+1 2
-1 4
+1 1
cob=(4)
cfi=(181)
cfn=(572) 0x000000000565e720
calls=1 -56 
* 26
+2 4
cob=(4)
cfi=(181)
cfn=(572)
calls=1 -58 
* 25
+2 4
cob=(4)
cfi=(181)
cfn=(572)
calls=1 -60 
* 26
+2 6

fl=(220) ./misc/../sysdeps/unix/sysv/linux/getpagesize.c
fn=(930) getpagesize
27 1
+1 4
+2 1

fl=(289) ./stdio-common/./stdio-common/printf_fp.c
fn=(3062) __printf_fp_buffer_1.isra.0
138 18
+21 1
+18 1
+10 1
-28 7
+62 2
+21 1
-6 1
+6 2
-6 1
+6 1
-4 2
+2 1
fi=(267) ./stdio-common/../include/printf_buffer.h
-77 3
-15 3
+1 3
+31 4
cfi=(264) ./stdio-common/./stdio-common/Xprintf_buffer_write.c
cfn=(1724) __printf_buffer_write
calls=1 27 
* 58
-17 3
fe=(289)
1030 11
226 3
+4 3
-3 2
+3 1
-3 1
+3 7
-3 2

fn=(3058) __printf_fp_l_buffer
1099 12
+3 1
-3 7
+3 2
+13 2
+2 1
-2 1
cob=(4)
cfi=(181)
cfn=(840) 0x000000000565e500
calls=1 0 
* 16
* 2
+1 5
+31 11
-30 2
fi=(290) ./stdio-common/../include/../locale/localeinfo.h
331 2
fe=(289)
1111 1
fi=(290)
331 1
fe=(289)
1112 2
+10 7
cfn=(3062)
calls=1 138 
* 143
+4 1

fl=(164) ./string/../sysdeps/x86_64/multiarch/strstr.c
fn=(524) strstr
64 2
-13 8
+7 8
+6 2

fl=(177) ./ctype/./ctype/ctype-info.c
fn=(564) __ctype_init
29 1
+2 7
+2 4
+2 4
+1 1

fl=(218) ./stdlib/./stdlib/secure-getenv.c
fn=(868) secure_getenv
28 2
+1 10
cfi=(216) ./stdlib/./stdlib/getenv.c
cfn=(838) getenv
calls=2 -5 
* 2024

fl=(232) ./csu/../sysdeps/nptl/libc_start_call_main.h
fn=(1172) (below main)
29 4
+15 1
-15 5
+15 1
cfi=(233)
cfn=(1174)
calls=1 -16 
* 38
* 1
+2 2
+5 2
+1 2
+3 2
+3 6
cob=(13)
cfi=(229)
cfn=(1180) main
calls=1 -58 
* 11203190
+16 2
cfi=(291)
cfn=(3076)
calls=1 +63 
* 4586

fl=(264)
fn=(1724)
27 3885
+1 11655
-1 27195
+4 9358
+2 1588
+3 794
fi=(311) ./stdio-common/../string/bits/string_fortified.h
-7 794
fe=(264)
+8 1588
fi=(311)
-8 794
fe=(264)
+12 794
fi=(311)
-12 794
cob=(4)
cfi=(181)
cfn=(1266)
calls=794 -29 
* 14554
fe=(264)
+11 2382
-9 1588
+2 2382
+11 23310

fl=(236) ./libio/./libio/iofopen.c
fn=(1190) fopen@@GLIBC_2.2.5
85 7
-20 1
+20 2
-20 1
cob=(4)
cfi=(181)
cfn=(1192)
calls=1 -65 
* 189
+2 3
+3 1
+2 2
-2 1
+2 5
cfi=(237)
cfn=(1194) _IO_no_init
calls=1 563 
* 56
+1 1
+1 1
-1 1
+1 1
cfi=(238)
cfn=(1198) _IO_new_file_init_internal
calls=1 +32 
* 102
+1 5
cfi=(238)
cfn=(1206) _IO_file_fopen@@GLIBC_2.2.5
calls=1 213 
* 215
* 2
-38 2
+50 7

fl=(256) ./libio/./libio/iofclose.c
fn=(1640) fclose@@GLIBC_2.2.5
34 8
+14 3
+9 1
fi=(248)
1025 3
+1 2
fe=(256)
57 3
cfi=(238)
cfn=(1660) _IO_file_finish@@GLIBC_2.2.5
calls=1 168 
* 34
+1 3
+13 2
fi=(248)
951 4
+1 4
+6 2
cob=(4)
cfi=(181)
cfn=(1652) 0x000000000565e3e0
calls=1 0 
* 87
fe=(256)
76 7
-27 1
cfi=(237)
cfn=(1642) _IO_un_link
calls=1 +4 
* 104
+2 8
+1 2
+1 2
cfi=(238)
cfn=(1646) _IO_file_close_it@@GLIBC_2.2.5
calls=1 +75 
* 287
fi=(248)
979 1
fe=(256)
53 1
fi=(248)
979 3
+1 9
fe=(256)
51 5

fl=(266)
fn=(1734)
25 1295
+1 3885
+5 2590
+2 15540
+7 1295

fl=(271) ./stdio-common/./stdio-common/sprintf.c
fn=(2218) sprintf
25 8879
+4 683
+1 1366
-1 683
+1 683
-1 683
+1 683
-1 2049
+1 683
cfi=(272)
cfn=(2220)
calls=683 +7 
* 216231
+4 3415

fl=(91) ./wcsmbs/../sysdeps/x86_64/multiarch/wcslen.c
fn=(300) wcslen
29 1
fi=(88)
+12 2
-1 4
+2 3
+3 2
+4 3
+3 3
fe=(91)
-23 1

fl=(187) ./string/../sysdeps/x86_64/multiarch/strrchr-avx2.S
fn=(612) __strrchr_avx2
53 1
+1 1
+1 1
+2 1
+1 1
+4 1
+1 1
+1 1
+3 1
+2 1
+1 1
+1 1
+1 1
+3 1
+1 1
+2 1
+1 1
+1 1
+1 1
+1 1
+9 2

fl=(131) ./debug/../sysdeps/x86_64/multiarch/memmove_chk.c
fn=(406) __memmove_chk
29 2
fi=(93)
+28 6
-1 4
+4 6
+14 4
+3 4
+8 4
+8 4
+3 10
fe=(131)

fl=(211) ./nptl/./nptl/pthread_getaffinity.c
fn=(718) pthread_getaffinity_np@@GLIBC_2.32
30 2
+3 6
+2 2
-5 2
+9 4
fi=(312) ./nptl/../string/bits/string_fortified.h
+20 1
fe=(211)
-29 1
fi=(312)
+29 1
cob=(4)
cfi=(181)
cfn=(720) 0x000000000565e740
calls=1 -59 
* 18
fe=(211)
-18 1
+1 2

fl=(240) ./io/../sysdeps/unix/sysv/linux/open64.c
fn=(1210) open
30 2
+3 1
-3 10
+3 6
+8 9
+2 8

fl=(251) ./libio/./libio/iofgets.c
fn=(1260) fgets
32 28
+5 16
+2 8
+8 36
+4 4
+1 4
+1 8
-1 4
+1 16
-2 4
+2 4
cfi=(252) ./libio/./libio/iogetline.c
cfn=(1262) _IO_getline
calls=4 -20 
* 418
+3 4
+1 4
-1 8
fi=(248)
980 32
fe=(251)
66 28
-10 8
+4 4
+3 4
-2 4
+2 8
fi=(248)
979 12
fe=(251)
47 20

fl=(298) ./posix/./posix/register-atfork.c
fn=(3100) __unregister_atfork
82 20
+1 20
-1 40
+1 20
fi=(299) ./posix/../malloc/dynarray-skeleton.c
243 10
fe=(298)
71 20
+38 40
+1 30

fl=(203) ./malloc/./malloc/malloc.c
fn=(1792) _int_realloc
4914 744
+11 372
+1 465
+1 372
+6 186
+2 186
+1 279
+2 372
+3 186
+14 54
+53 108
-53 108
+57 54
-57 54
+57 108
-2 108
+2 94
+1 47
+16 47
+1 423
-1 7
+1 414
-79 84
+12 80
+12 148
cfn=(688) _int_malloc
calls=37 3846 
* 5554
* 37
+1 74
+9 37
-6 37
+1 37
+5 74
+8 37
-1 37
fi=(209) ./malloc/../string/bits/string_fortified.h
29 37
fe=(203)
4993 222
fi=(209)
29 37
cob=(4)
cfi=(181)
cfn=(1266)
calls=37 -29 
* 667
fe=(203)
4997 148
cfn=(1364) _int_free
calls=37 4495 
* 2130
+2 37
+22 7
-4 7
+3 7
+5 7
-4 7
-1 7
+1 7
+3 7
+1 14
cfn=(1364)
calls=7 4495 
* 422
* 7
-60 4
-1 8
+5 9
cfn=(1674) unlink_chunk.isra.0
calls=3 1608 
* 63
+44 6
-48 6
-13 2
+1 2
-2 4
+4 8
+2 2
-2 2
+2 2
-2 4
+1 2
-1 4
+4 2
-3 2
+1 2
+2 2

fn=(696) alloc_perturb
1985 8793
+2 2931

fn=(1360) free
3359 9661
+4 19322
-4 13770
+14 4590
-14 13770
+12 4590
+4 4590
-4 4590
+4 9180
+17 13764
fi=(204) ./malloc/./malloc/arena.c
153 13764
fe=(203)
3398 13764
cfn=(1364)
calls=4588 4495 
* 603078
+3 4588
+1 27528
-23 6
+2 8
+2 2
+1 2
-1 2
+1 2
+1 2
+3 4
cfn=(2870) munmap_chunk
calls=2 3024 
* 72
+13 2
+1 5083

fn=(2760) systrim.constprop.0
2957 108
+9 54
+2 18
+1 36
+5 18
+1 18
-1 36
+4 90
+2 36
-10 3
+50 108
-33 30
cfi=(206)
cfn=(690)
calls=15 25 
* 495
* 15
+1 60
+12 45
cfi=(206)
cfn=(690)
calls=15 25 
* 765
+1 30
cfi=(206)
cfn=(690)
calls=15 25 
* 495
+2 15
+2 30
+4 30
+4 30
-1 15
+1 30
+2 30

fn=(2490) memalign
3543 40
+1 80
+4 40
cfn=(2492) _mid_memalign.isra.0
calls=40 +27 
* 30555

fn=(1654) _int_free_merge_chunk
4665 13335
+1 2667
-1 8001
+5 16002
+3 5334
+5 8001
+3 5334
+1 5334
+1 5334
1992 8001
4689 5334
+2 2598
+2 2598
-1 2598
+2 10392
+2 5196
cfn=(1674)
calls=2598 1608 
* 62329
+18 5334
+6 5258
+4 2605
+9 2605
-1 2605
+1 7815
+1 5210
-1 24
-1 24
+1 72
+1 48
+2 2629
+2 5258
+5 2629
+1 2629
+2 7887
+1 2629
-45 2629
-1 5258
+1 15774
-1 2629
cfn=(1656) _int_free_maybe_consolidate
calls=2629 +69 
* 90514
+1 38
-1 76
+1 228
-1 38
cfn=(1656)
calls=38 +69 
* 7790
+39 7800
+16 38
+1 114
+1 76
-37 24
+1 24
-1 24
cfn=(1674)
calls=24 1608 
* 633
+1 24
-47 8001
-2 5334

fn=(1656)
4770 29777
+6 5414
+22 29579
-20 9308
+3 6981
-2 10
cfn=(1672) malloc_consolidate
calls=10 +32 
* 3922
* 10
+5 11635
+1 72
+13 126
-13 18
cfn=(2760)
calls=18 2957 
* 2640

fn=(688)
3846 35761
1326 6502
+19 19264
3887 6018
1794 3009
3914 6018
+65 680
-63 1360
+3 340
+2 680
+2 430
-6 215
+9 430
+1 1075
+5 430
+1 430
+7 215
-1 430
+1 1075
+5 430
3165 215
3945 215
+1 579
+5 2172
3165 362
-2 362
+4 362
-2 362
3945 362
3163 362
+3 362
+1 362
3946 1858
+2 724
+2 724
+27 5338
+62 13360
+1 7926
+20 3017
-1 3017
-1 3017
+1 6034
+1 6034
-2 6032
+12 15085
-1 410
+4 410
+1 205
+2 410
-3 190
+1 95
+2 190
+1 900
+2 300
+1 1200
+2 1200
-10 300
+12 600
+1 600
+2 600
+11 1010
+29 162
+1 162
+4 324
+29 316
+8 367
+1 19
+1 19
-1 19
+4 38
-4 29
+1 29
-1 29
+4 58
+5 2
-2 2
+2 6
+1 4
3887 484
+27 484
+66 394
+2 394
-2 394
+2 788
+2 19
+1 38
+6 19
-4 19
+1 19
+1 19
+2 38
+7 76
-1 38
+1 38
+5 140
+1 50
+2 30
-92 726
1345 242
3919 484
+2 484
+9 1101
4041 34
cfn=(1672)
calls=17 4811 
* 5975
* 17
+93 12
+1 12
-1 12
+1 24
-14 12
+19 24
+1 54
1985 654
4487 39012
1985 19
4020 19
1985 38
4163 244
+1 366
+1 122
-1 122
+57 244
+9 122
-9 244
+9 122
-9 366
+1 122
+1 122
+1 122
+1 122
+6 244
-10 96
+9 48
-9 96
+9 48
-9 144
+1 48
+1 48
+1 48
+1 48
+6 96
+1 3
+1 6
+7 12
4070 510
4246 152
+11 8661
+2 7917
+3 2639
-3 2639
+3 5278
+1 2887
+71 8661
-4 2887
+1 2887
+1 2887
-1 2887
+1 2887
+1 5774
+1 8661
+5 11705
+16 443
+2 886
-4 1164
+8 139
+3 278
+2 65
+1 65
+1 65
-2 260
-27 65
-99 668
3163 9
+4 9
-4 9
+2 72
+1 18
+1 9
4070 19
+74 2
-45 292
+2 138
-1 276
+27 20
+1 20
+4 40
+29 52
+8 140
4008 15
+1 15
+1 30
3159 15
4012 15
3167 15
-8 15
+4 15
4013 15
3163 15
+2 60
+1 15
+2 15
-2 15
+1 15
+1 15
4218 46
-48 46
+48 138
4343 8547
+3 11308
-3 8388
+3 816
-3 603
+3 788
-3 390
4443 2813
+1 5626
+2 5626
+3 8439
+17 164
4070 27
-91 162
4169 4
+23 6
+1 4
+6 2
+13 2
+1 4
-44 4
+33 4
-33 11
4343 36
+5 144
+1 72
+24 296
+3 148
+2 74
+3 148
-3 148
+3 74
cfn=(1674)
calls=74 1608 
* 1938
+3 296
+15 112
-5 56
+5 112
+1 112
+3 56
+1 56
+1 56
+3 112
+1 28
+1 112
+2 40
+3 160
+2 60
+1 20
1985 20
4421 20
1985 40
4415 288
+2 108
+1 36
1985 36
4421 36
1985 90
4421 18
1985 36
4387 18
-1 18
+1 36
4070 8
3199 8
-21 8
+4 16
+17 1
-21 1
+4 2
+8 9
-4 36
+4 9
+1 18
4248 9
4105 118
-1 118
+3 118
-1 118
+1 236
+1 354
+1 236
+2 190
+4 95
+6 95
-6 95
+7 95
-7 570
+2 285
+5 95
-4 95
+4 95
cfn=(696)
calls=95 1985 
* 380
-7 23
+6 23
-6 23
+7 23
-7 138
+2 69
+5 23
-4 23
+4 23
cfn=(696)
calls=23 1985 
* 92
+1 118
2552 41
+12 41
-12 205
+12 41
+1 6
+3 8
+8 10
cfn=(2562) sysmalloc_mmap.isra.0
calls=2 2400 
* 258
* 2
+1 4
4482 4
-22 8439
cfn=(696)
calls=2813 1985 
* 11252
+1 2813
-9 5544
+2 5544
-1 2772
+1 2772
-3 2772
+3 2772
+2 2772
-2 11088
+2 2772
+3 5544
2553 39
+36 117
+1 39
-1 39
+1 39
+9 384
+6 114
+3 117
2921 117
+1 8
+4 8
+4 40
-4 31
+4 155
+5 39
-2 39
+5 39
-3 78
-3 39
+2 39
+1 39
+1 39
-1 117
+1 39
4482 39
2669 117
+8 78
+1 117
+13 39
+2 39
-2 78
+8 195
+8 78
+48 4
+40 3
+19 2
+3 2
+1 6
+2 1
+1 5
cfi=(206)
cfn=(690)
calls=1 25 
* 33
+12 4
-12 1
+12 1
2008 4
3882 1
2873 1
+3 1
-1 1
+1 4
+12 1
-11 1
+11 2
2783 1
-1 2
2017 2
2745 1
+1 1
+6 3
-6 1
+6 3
-6 38
+6 114
-6 38
+6 190
+1 228
-44 117
cfi=(206)
cfn=(690)
calls=39 25 
* 1926

ob=(1)
fl=(32) ./string/../sysdeps/x86_64/multiarch/../multiarch/strcmp-sse2.S
fn=(94) strcmp
98 2141
+33 2141
+1 2141
+2 2141
+1 2141
+21 2141
+1 2141
+1 1582
+1 1582
+1 1303
+1 1303
+1 1303
+1 1303
+17 1303
+1 1303
+1 1303
+1 1303
+1 1303
+1 1303
+1 1303
+5 137
+1 411
+9 137
+1 137
+1 137
+1 137
+1 137
+1 137
+1 137
+1 137
-7 838
+1 838
+1 838
+1 838
+1 838
+1 838
+1 838
+1 838
+1 929
+1 357
+1 357
+1 357
+2 357
+1 357
+1 357
+1 357
+1 357
+1 357
-5 572
+1 572
+1 572
+1 572
+1 572
+1 572
+10 46
+1 46
+1 46
+2 46
+6 46
+1 46
+1 46
+1 46
+1 46
+5 46
+2 22
+1 22
+1 44
+8 22
+1 22
+3 22
+1 22
+1 22
+1 22
+1 22
+1 22
-9 1
+1 1
+3 1
+1 1
+1 1
+1 1
+1 1
+1 1
+6 7
+1 7
+1 7
+3 7
+1 7
+1 7
+1 7
+1 7
+1 7
+5 1
+1 1
+9 9
+1 9
+1 9
+1 9
+1 9
+2 9
+1 9
+1 9
+1 9
+1 9
+1 9
+1 9
+1 9
+3 9
+1 9
+1 9
+6 9
+1 9
+1 18
+4 9
+1 9
+3 9
+1 9
+1 9
+2 9
+1 9
+1 9
+4 9
+1 9
+1 9
+1 9
+1 9
+1 9
+75 7
+1 7
+1 7
+1 7
+1 7
+2 7
+1 7
+1 7
+1 7
+1 7
+1 7
+1 7
+1 6
+3 6
+1 6
+1 6
+6 6
+1 6
+1 12
+4 6
+1 6
+3 6
+1 6
+1 6
+2 6
+1 6
+1 6
+4 6
+1 6
+1 6
+1 6
+1 6
+1 6
+7 1
+1 1
+2 1
+1 1
+2 1
+1 1
+1 1
+2 1
+1 1
+1 1
+4 1
+1 1
+1 1
+1 1
+1 1
+1 1
+41 8
+1 8
+1 8
+1 8
+1 8
+2 8
+1 8
+1 8
+1 8
+1 8
+1 8
+1 8
+1 8
+4 8
+1 8
+1 8
+6 8
+1 8
+1 16
+4 8
+1 8
+3 8
+1 8
+1 8
+2 8
+1 8
+1 8
+4 8
+1 8
+1 8
+1 8
+1 8
+1 8
+69 17
+1 17
+1 17
+1 17
+1 17
+2 17
+1 17
+1 17
+1 17
+1 17
+1 17
+1 17
+1 12
+4 12
+1 12
+1 12
+6 12
+1 12
+1 24
+4 12
+1 12
+3 12
+1 12
+1 12
+2 12
+1 12
+1 12
+4 12
+1 12
+1 12
+1 12
+1 12
+1 12
+7 1
+1 1
+2 1
+1 1
+2 1
+1 1
+1 1
+2 1
+1 1
+1 1
+4 1
+1 1
+1 1
+1 1
+1 1
+1 1
+41 20
+1 20
+1 20
+1 20
+1 20
+2 20
+1 20
+1 20
+1 20
+1 20
+1 20
+1 20
+1 16
+4 16
+1 16
+1 16
+6 16
+1 16
+1 32
+4 16
+1 16
+3 16
+1 16
+1 16
+2 16
+1 16
+1 16
+4 16
+1 16
+1 16
+1 16
+1 16
+1 16
+7 6
+1 6
+2 6
+1 6
+2 6
+1 6
+1 6
+2 6
+1 6
+1 6
+4 6
+1 6
+1 6
+1 6
+1 6
+1 6
+41 43
+1 43
+1 43
+1 43
+1 43
+2 43
+1 43
+1 43
+1 43
+1 43
+1 43
+1 43
+1 28
+4 28
+1 28
+1 28
+6 28
+1 28
+1 56
+4 28
+1 28
+3 28
+1 28
+1 28
+2 28
+1 28
+1 28
+4 28
+1 28
+1 28
+1 28
+1 28
+1 28
+7 1
+1 1
+2 1
+1 1
+2 1
+1 1
+1 1
+2 1
+1 1
+1 1
+4 1
+1 1
+1 1
+1 1
+1 1
+1 1
+41 190
+1 190
+1 190
+1 190
+1 190
+2 190
+1 190
+1 190
+1 190
+1 190
+1 190
+1 190
+1 179
+4 179
+1 179
+1 179
+6 179
+1 179
+1 358
+4 179
+1 179
+3 179
+1 179
+1 179
+2 179
+1 179
+1 179
+4 179
+1 179
+1 179
+1 179
+1 179
+1 179
+7 2
+1 2
+2 2
+1 2
+2 2
+1 2
+1 2
+2 2
+1 2
+1 2
+4 2
+1 2
+1 2
+1 2
+1 2
+1 2
+41 52
+1 52
+1 52
+1 52
+1 52
+2 52
+1 52
+1 52
+1 52
+1 52
+1 52
+1 52
+1 33
+4 33
+1 33
+1 33
+6 33
+1 33
+1 66
+4 33
+1 33
+3 33
+1 33
+1 33
+2 33
+1 33
+1 33
+4 33
+1 33
+1 33
+1 33
+1 33
+1 33
+7 5
+1 5
+2 5
+1 5
+2 5
+1 5
+1 5
+2 5
+1 5
+1 5
+4 5
+1 5
+1 5
+1 5
+1 5
+1 5
+41 57
+1 57
+1 57
+1 57
+1 57
+2 57
+1 57
+1 57
+1 57
+1 57
+1 57
+1 57
+1 24
+4 24
+1 24
+1 24
+6 24
+1 24
+1 48
+4 24
+1 24
+3 24
+1 24
+1 24
+2 24
+1 24
+1 24
+4 24
+1 24
+1 24
+1 24
+1 24
+1 24
+7 1
+1 1
+2 1
+1 1
+2 1
+1 1
+1 1
+2 1
+1 1
+1 1
+4 1
+1 1
+1 1
+1 1
+1 1
+1 1
+41 80
+1 80
+1 80
+1 80
+1 80
+2 80
+1 80
+1 80
+1 80
+1 80
+1 80
+1 80
+1 33
+4 33
+1 33
+1 33
+6 33
+1 33
+1 66
+4 33
+1 33
+3 33
+1 33
+1 33
+2 33
+1 33
+1 33
+4 33
+1 33
+1 33
+1 33
+1 33
+1 33
+7 2
+1 2
+2 2
+1 2
+2 2
+1 2
+1 2
+2 2
+1 2
+1 2
+4 2
+1 2
+1 2
+1 2
+1 2
+1 2
+41 81
+1 81
+1 81
+1 81
+1 81
+2 81
+1 81
+1 81
+1 81
+1 81
+1 81
+1 81
+1 50
+4 50
+1 50
+1 50
+6 50
+1 50
+1 100
+4 50
+1 50
+3 50
+1 50
+1 50
+2 50
+1 50
+1 50
+4 50
+1 50
+1 50
+1 50
+1 50
+1 50
+69 74
+1 74
+1 74
+1 74
+1 74
+2 74
+1 74
+1 74
+1 74
+1 74
+1 74
+1 74
+1 41
+4 41
+1 41
+1 41
+6 41
+1 41
+1 82
+4 41
+1 41
+3 41
+1 41
+1 41
+2 41
+1 41
+1 41
+4 41
+1 41
+1 41
+1 41
+1 41
+1 41
+7 6
+1 6
+2 6
+1 6
+2 6
+1 6
+1 6
+2 6
+1 6
+1 6
+4 6
+1 6
+1 6
+1 6
+1 6
+1 6
+41 71
+1 71
+1 71
+1 71
+1 71
+2 71
+1 71
+1 71
+1 71
+1 71
+1 71
+1 71
+1 42
+4 42
+1 42
+1 42
+6 42
+1 42
+1 84
+4 42
+1 42
+3 42
+1 42
+1 42
+2 42
+1 42
+1 42
+4 42
+1 42
+1 42
+1 42
+1 42
+1 42
+7 7
+1 7
+2 7
+1 7
+2 7
+1 7
+1 7
+2 7
+1 7
+1 7
+4 7
+1 7
+1 7
+1 7
+1 7
+1 7
+41 130
+1 130
+1 130
+1 130
+1 130
+2 130
+1 130
+1 130
+1 130
+1 130
+1 130
+1 130
+1 55
+4 55
+1 55
+1 55
+6 55
+1 55
+1 110
+4 55
+1 55
+3 55
+1 55
+1 55
+2 55
+1 55
+1 55
+4 55
+1 55
+1 55
+1 55
+1 55
+1 55
+7 1
+1 1
+2 1
+1 1
+2 1
+1 1
+1 1
+2 1
+1 1
+1 1
+4 1
+1 1
+1 1
+1 1
+1 1
+1 1
+41 90
+1 90
+1 90
+1 90
+1 90
+2 90
+1 90
+1 90
+1 90
+1 90
+1 90
+1 90
+2 40
+4 40
+1 40
+1 40
+6 40
+1 40
+2 80
+4 40
+1 40
+3 40
+1 40
+1 40
+2 40
+1 40
+1 40
+4 40
+1 40
+1 40
+1 40
+1 40
+1 40
+7 4
+1 4
+2 4
+1 4
+2 4
+1 4
+1 4
+2 4
+1 4
+1 4
+4 4
+1 4
+1 4
+1 4
+1 4
+1 4
+13 1
+1 1
+1 1
+1 1
+7 1
+1 1
+1 1
+18 598
+2 598
+1 598
+1 598
+1 598
-3 377
+1 377
+1 377
+1 377
+1 714
+5 357
+6 357
+1 357
+8 357
+1 357
-16 1784
+6 1784
+1 1784
+8 1784
+1 1784

fn=(244) strncmp
98 1
+27 1
+1 1
+1 1
+1 1
+1 1
+2 1
+1 1
+2 1
+1 1
+21 1
+1 1
+1 1
+1 1
+1 1
+1 1
+1 1
+1 1
+17 1
+1 1
+1 1
+1 1
+1 1
+1 1
+1 1
2104 1
+3 1
+1 1
+2 1
+1 1
+8 1
+1 1

fl=(8) ./elf/./elf/dl-setup_hash.c
fn=(14) _dl_setup_hash
25 12
+3 12
-3 12
+3 24
+3 36
+1 24
+2 12
-1 12
+3 36
+1 12
+1 24
+7 12
-5 12
-2 12
+3 24
+2 12
+2 24
+5 12

fl=(62) ./io/../sysdeps/unix/sysv/linux/close_nocancel.c
fn=(194) __GI___close_nocancel
25 11
+1 44
+1 11

fl=(169) ./elf/./elf/dl-find_object.c
fn=(542) _dlfo_process_initial
474 2
+3 2
-3 6
+1 2
+3 4
+26 14
+1 6
+1 24
-1 48
+3 92
+3 88
-7 10
+27 2
-2 2
+2 6
-18 66
+3 22
-1 22
cfi=(170) ./elf/./dl-find_object.h
cfn=(540) _dl_find_object_from_map
calls=11 95 
* 658
+2 44

fn=(544) _dlfo_sort_mappings
536 1
+1 2
+3 4
+4 1
+1 1
-1 1
+1 2
-1 9
+1 9
-1 9
+1 38
+1 275
+3 8
-1 8
-3 165
+8 30
+1 20
-1 10
-13 20
+14 30
+1 20
-15 20
+17 1

fn=(538) _dl_find_object_init
561 2
+3 1
-3 3
+5 2
+13 1
cfn=(542)
calls=1 474 
* 209
+1 1
-1 1
+1 1
fi=(28) ./elf/../include/rtld-malloc.h
56 1
cfi=(27) ./elf/./elf/dl-minimal-malloc.c
cfn=(78) __minimal_malloc
calls=1 -20 
* 30
fe=(169)
580 1
fi=(28)
56 1
fe=(169)
582 2
+3 2
+5 1
+1 1
cfn=(542)
calls=1 474 
* 911
+3 3
+10 4
-37 2
cfi=(170)
cfn=(540)
calls=1 95 
* 68
* 1
+29 2
cfn=(544)
calls=1 -60 
* 684
+3 6
+2 1

fl=(66) ./io/../sysdeps/unix/sysv/linux/fstatat64.c
fn=(212) fstatat
146 6
-55 6
+70 7
+1 1
-2 4
+1 4

fl=(71) ./malloc/./malloc/scratch_buffer_set_array_size.c
fn=(228) __libc_scratch_buffer_set_array_size
30 130
+4 10
+1 20
+10 20
+18 10
-17 10
+17 50

fl=(9) ./elf/../sysdeps/unix/sysv/linux/dl-sysdep.c
fn=(18) _dl_sysdep_parse_arguments
78 1
+2 1
-2 6
+1 1
+1 1
-1 1
+2 2
+2 1
-2 1
+2 2
-1 1
+1 2
-1 81
+1 162
+7 56
fi=(10) ./elf/../sysdeps/unix/sysv/linux/dl-parse_auxv.h
-49 1
fe=(9)
+45 1
fi=(10)
-54 1
fe=(9)
+54 1
fi=(10)
-54 1
+1 1
+1 1
+7 3
+1 44
+1 22
-2 22
+2 22
-2 67
fe=(9)
+52 3
+1 1
+1 2
fi=(10)
-49 1
+1 1
fe=(9)
+46 1
fi=(10)
-45 1
+3 1
+1 1
+1 1
+1 1
+2 1
-5 1
-4 1
+1 1
+4 1
+1 1
+3 1
-7 1
-4 1
+1 1
+8 1
fe=(9)
+40 1
-1 1
+2 1
+1 6

fn=(16) _dl_sysdep_start
102 5
+4 1
-4 1
+1 1
+3 1
cfn=(18)
calls=1 -28 
* 540
+4 2
cfi=(11) ./elf/./elf/dl-tunables.c
cfn=(22) __GI___tunables_init
calls=1 261 
* 52392
+3 1
cfi=(13) ./elf/./elf/dl-sort-maps.c
cfn=(26) _dl_sort_maps_init
calls=1 289 
* 38
+2 2
cfi=(14) ./elf/../sysdeps/unix/sysv/linux/brk.c
cfn=(30) brk
calls=1 -79 
* 8
fi=(6) ./elf/../sysdeps/x86_64/dl-machine.h
220 1
cfi=(15) ./elf/../sysdeps/x86/dl-get-cpu-features.c
cfn=(34) _dl_x86_init_cpu_features
calls=1 37 
* 7349
fe=(9)
-98 3
+1 1
cfi=(22) ./string/../sysdeps/x86_64/multiarch/../multiarch/strlen-sse2.S
cfn=(62) strlen
calls=1 -66 
* 17
* 1
+2 2
cfi=(23) ./elf/../misc/sbrk.c
cfn=(64) sbrk
calls=1 -88 
* 16
* 3
+12 3
+3 5
cfi=(2) ./elf/./elf/rtld.c
cfn=(66) dl_main
calls=1 1346 
* 1244369
+3 4

fn=(576) _dl_sysdep_start_cleanup
147 1
+1 1

fl=(67) ./elf/./elf/dl-cache.c
fn=(580) _dl_unload_cache
525 1
+1 4
-1 1
+3 1
-3 1
+3 1
cfi=(140) ./misc/../sysdeps/unix/syscall-template.S
cfn=(582) munmap
calls=1 117 
* 6
+7 1
-6 1
+4 1
+2 1

fn=(214) _dl_load_cache_lookup
403 90
+2 18
+3 27
+69 24
+5 9
205 9
482 18
+3 27
fi=(69) ./elf/../sysdeps/x86/dl-procinfo.h
39 18
+3 27
cfi=(32)
cfn=(94)
calls=9 +56 
* 225
* 36
fe=(67)
208 54
cfi=(11)
cfn=(28) __tunable_get_val
calls=9 387 
* 207
* 9
+12 9
-10 9
-2 9
+12 18
-7 45
+9 45
+1 9
-32 18
+36 9
-4 9
+4 18
-5 380
+1 76
-32 152
+36 76
-4 76
+4 152
+4 255
cfn=(222) _dl_cache_libcmp
calls=85 357 
* 7628
+1 170
346 76
+3 30
220 60
347 46
220 110
+2 90
+20 22
+3 22
+2 44
cfn=(222)
calls=11 357 
* 1264
* 22
+2 2
-9 22
-30 27
+1 9
fi=(313) ./elf/../sysdeps/x86/dl-isa-level.h
28 18
fe=(67)
210 18
fi=(313)
28 9
fe=(67)
210 9
+1 9
-1 27
+76 27
fi=(313)
28 27
fe=(67)
259 18
+10 27
+1 36
+16 9
fi=(68) ./elf/../sysdeps/generic/dl-cache.h
125 9
fe=(67)
286 27
+9 18
+3 18
+3 9
+1 27
+28 18
500 18
+12 18
cfi=(22)
cfn=(62)
calls=9 57 
* 315
+1 9
-1 9
+1 108
+1 9
-1 9
+1 9
-1 9
+1 9
cfi=(29) ./string/../sysdeps/x86_64/multiarch/memmove-vec-unaligned-erms.S
cfn=(82) memcpy
calls=9 210 
* 155
* 9
+1 9
cfi=(44) ./string/./string/strdup.c
cfn=(138) strdup
calls=9 40 
* 911
+1 72
411 4
cfi=(52) ./elf/./elf/dl-misc.c
cfn=(216) _dl_sysdep_read_whole_file
calls=1 36 
* 103
* 1
+8 5
+1 8
+3 3
+1 1
-1 3
fi=(68)
194 1
+1 5
fe=(67)
431 1
+1 2

fn=(222)
357 96
+1 96
+32 96
-33 96
+1 230
+2 587
+2 587
-2 1174
+20 1130
+2 1128
-12 483
+2 483
+14 483
+1 483
-29 966
+32 33
-28 44
+6 22
+2 22
-2 22
+1 22
-1 22
+1 22
-1 22
+2 69
+1 9
-1 12
+2 22
-3 22
+3 72
+1 18
-1 24
+2 44
+1 6
+6 1
+10 1
-8 243

fl=(20) ./elf/../sysdeps/x86/dl-cacheinfo.h
fn=(52) intel_check_word.constprop.0
123 48
-4 72
+10 24
-10 96
+10 48
-10 24
+10 24
-10 24
+10 24
+2 48
+71 48
fi=(21) ./elf/../bits/stdlib-bsearch.h
32 24
fe=(20)
202 120
-71 96
+2 60
+2 120
+8 120
+51 96
+22 48
fi=(21)
28 48
-1 96
+2 216
+2 168
+1 84
fe=(20)
+78 168
+3 324
fi=(21)
-78 264
-6 528
+2 480
+1 240
fe=(20)
+78 480
+15 12
246 144
fi=(21)
37 120
fe=(20)
155 36
+3 36
-6 12
+3 39
+9 18
+23 21
-32 63
+3 63
+4 58
+2 116
+3 84
+1 48
+1 48
+1 30
+2 11
+2 22
+6 14
+3 8
+1 12
-20 15
+12 4
+2 4
+1 4
-2 4
-1 4
+2 8
-2 4
+3 4
-2 12
+2 12
+11 2
-9 12

fn=(56) get_common_cache_info.constprop.0
571 11
+17 1
+1 1
+9 1
-12 1
+2 1
+2 1
+8 1
-11 1
+3 1
+11 2
-5 3
+17 1
+5 3
+4 2
770 5
+1 5
+4 2
+8 1
-1 1
+1 1
+1 1
+1 7
627 5
+3 6
-32 5
+75 4
+8 5
+2 2
-2 1
+6 3
+3 1
+1 5
-4 4
+21 2
-21 4
+2 1
+2 4
-4 1
+6 4
+3 2
+5 1
+2 2
+1 1
+1 1
-2 2
+1 1
-19 4
+46 2
+1 1
+1 2
+1 1
+25 3
630 3
+10 6
+14 2
+4 1
+3 1
+1 1
-4 2
+3 3
+6 4
-37 12
+7 6
-7 3
+7 2
+3 20
+5 2
+4 1
+1 1
-1 2
+1 1
+61 2
+7 1
+2 2
-16 1
+22 1
-6 2
+1 1
+5 1
-30 5

fn=(50) handle_intel.constprop.0
255 24
-5 12
+17 12
-17 96
+11 12
+1 12
+5 36
+4 24
+34 96
-29 12
+3 24
-3 12
+3 36
cfn=(52)
calls=12 123 
* 4092
+2 24
+3 60
cfn=(52)
calls=12 123 
* 1272
+2 24

fl=(190) ./elf/../sysdeps/x86_64/dl-trampoline.h
fn=(636) _dl_runtime_resolve_xsave
71 39
+5 39
+3 39
+2 39
+10 39
+6 39
+1 39
+1 39
+1 39
+1 39
+1 39
+1 39
+4 39
+1 39
+3 39
+1 39
+2 39
+1 39
+1 39
+1 39
+1 39
+1 39
+2 39
+7 39
+1 39
+1 39
cfi=(191) ./elf/./elf/dl-runtime.c
cfn=(638) _dl_fixup
calls=39 -84 
* 37643
+1 39
+5 39
+1 39
+1 39
+2 39
+1 39
+1 39
+1 39
+1 39
+1 39
+1 39
+2 39
+2 39
+4 39
+2 39

fl=(16) ./elf/../sysdeps/x86/cpu-features.c
fn=(42) update_active.constprop.0
72 8
+4 1
+10 1
+9 1
+9 1
-19 1
-1 1
+29 1
-4 1
-24 1
+9 1
+9 1
+9 1
-28 2
+25 1
-15 1
-9 1
+9 1
+9 1
+9 1
-3 1
+7 1
-13 1
+9 1
+4 2
-22 1
+22 2
-13 1
+6 1
+3 1
+5 1
+12 1
-8 1
-4 1
+7 1
-3 4
+1 1
+2 1
-2 2
+1 3
+5 1
+2 1
-2 4
+1 1
+1 1
-1 2
+1 1
-1 1
+3 2
+1 4
+14 2
356 2
+4 3
fi=(18) ./elf/../sysdeps/unix/sysv/linux/x86/dl-hwcap2.h
25 2
fi=(19) ./elf/../sysdeps/x86/get-isa-level.h
+5 1
-2 1
+2 3
fe=(16)
369 1
+1 8
151 2
+1 2
-1 5
+1 2
+2 3
+90 1
+1 1
-1 2
+17 4
+16 2
+5 1
-1 2
+4 4
+4 2
+4 3
+1 2
+3 1
-1 1
+9 1
-5 1
+2 1
-2 1
+5 1
+51 1
fi=(19)
31 1
fe=(16)
356 2
fi=(19)
32 3
+4 3
fe=(16)
158 4
+3 1
+3 2
+14 1
+2 1
+10 3
-12 1
+12 1
-12 1
+2 2
-2 1
+2 1
+8 1
-8 1
+6 3
+2 1
-2 1
+2 3
+7 5
fi=(19)
39 2
+1 4
-2 1
+7 4
+2 1
+1 2
+3 5
+2 4
+1 2
+1 2
+3 1
-1 1
+1 3
fe=(16)
171 1
-5 2
+4 1

fn=(36) init_cpu_features.constprop.0
682 1
+17 1
-17 7
+3 1
+1 1
+1 1
+3 1
+9 2
+3 6
1001 3
+1 2
+3 2
+1 2
+6 1
+1 1
+1 1
+1 1
fi=(20)
792 1
+1 1
+2 1
+14 2
+85 1
+1 1
+15 1
-5 1
+5 1
-10 1
-6 1
+2 1
+14 1
-15 1
+2 1
-1 1
+2 1
-1 1
+2 1
-1 1
+1 1
+2 1
+1 1
+1 1
+1 1
+35 2
-15 3
+8 2
+27 6
+9 2
+19 2
+8 6
cfi=(11)
cfn=(28)
calls=1 387 
* 23
* 1
+2 2
+3 4
cfi=(11)
cfn=(28)
calls=1 387 
* 23
* 1
+2 2
+3 4
cfi=(11)
cfn=(28)
calls=1 387 
* 23
* 1
+1 5
+16 2
-12 5
cfi=(11)
cfn=(28)
calls=1 387 
* 23
* 1
+1 3
+6 3
+3 1
-3 2
cfi=(11)
cfn=(28)
calls=1 387 
* 23
* 1
+3 5
-3 1
+3 5
cfi=(11)
cfn=(58) __GI___tunable_set_val
calls=1 153 
* 62
+1 10
cfi=(11)
cfn=(58)
calls=1 153 
* 62
+1 11
cfi=(11)
cfn=(58)
calls=1 153 
* 62
+3 10
cfi=(11)
cfn=(58)
calls=1 153 
* 62
+2 10
cfi=(11)
cfn=(58)
calls=1 153 
* 62
+13 1
+2 1
fe=(16)
-23 1
fi=(20)
+21 1
+3 1
fe=(16)
-24 1
fi=(20)
+26 1
-5 1
+2 1
-2 1
+3 1
fe=(16)
-24 1
fi=(20)
+25 1
+3 1
-1 1
fe=(16)
-27 1
cfi=(11)
cfn=(28)
calls=1 387 
* 22
+3 4
cfi=(11)
cfn=(28)
calls=1 387 
* 24
+6 3
+54 1
-1 1
+1 1
+45 4
cfi=(11)
cfn=(28)
calls=1 387 
* 22
+2 4
cfi=(11)
cfn=(28)
calls=1 387 
* 22
+6 4
cfi=(11)
cfn=(28)
calls=1 387 
* 24
+7 8
fi=(20)
974 12
fe=(16)
+68 1
-1 2
+1 3
+44 3
+27 2
-10 2
+1 2
+2 3
+1 2
+2 3
+1 2
fi=(20)
811 2
cfn=(50)
calls=1 255 
* 455
+1 1
-1 1
+1 1
cfn=(50)
calls=1 255 
* 503
+1 1
-1 1
+1 1
cfn=(50)
calls=1 255 
* 530
+4 1
-4 1
+1 2
+3 1
cfn=(50)
calls=1 255 
* 476
+2 1
-2 1
+2 1
cfn=(50)
calls=1 255 
* 468
+3 1
-3 1
+1 2
+2 1
cfn=(50)
calls=1 255 
* 446
+2 1
-2 1
+2 1
cfn=(50)
calls=1 255 
* 447
+3 1
-2 1
-1 1
+3 1
cfn=(50)
calls=1 255 
* 494
+2 1
-2 1
+2 1
cfn=(50)
calls=1 255 
* 495
+1 1
+2 1
-3 1
+1 1
+2 1
cfn=(50)
calls=1 255 
* 521
+2 1
-2 1
+2 1
cfn=(50)
calls=1 255 
* 522
+2 1
-2 1
+2 1
cfn=(50)
calls=1 255 
* 523
+2 4
-2 1
+2 1
cfn=(56)
calls=1 571 
* 223
+93 1
-6 3
+6 1
-6 2
+6 2
-6 2
+6 2
-1 2
fe=(16)
708 6
cfn=(38) get_common_indices.constprop.0
calls=1 398 
* 74
376 3
+1 2
+1 6
+5 2
713 1
cfn=(42)
calls=1 72 
* 222
+2 1
+2 1
1015 1
715 2
878 2
+7 2
+2 2
+4 2
+6 2
+2 1
706 2
-3 1
384 6
+5 2
+1 7
717 1
fi=(20)
987 1
-48 1
fe=(16)
717 1
fi=(20)
987 2
fe=(16)
717 6
+4 7
+78 1
-25 3
+92 2
+3 2
fi=(20)
+38 1
fe=(16)
-37 1
-89 2
+51 2

fn=(38)
398 3
+4 4
+3 3
+5 2
-5 1
+5 1
-5 1
+4 1
+1 1
+1 4
+1 4
+1 3
+1 2
+7 2
+2 5
+5 1
-5 1
+5 1
-5 1
+5 1
-5 2
+5 1
+7 1
-7 4
+7 1
+1 3
+6 1
-6 4
+6 1
fi=(17) ./elf/../sysdeps/unix/sysv/linux/x86/dl-minsigstacksize.h
24 2
+3 2
+1 2
+37 3
+7 1
+2 1
fe=(16)
457 3

fl=(170)
fn=(540)
95 24
+1 24
+1 12
+6 60
+1 330
+1 228
+2 36
+5 12

fl=(14)
fn=(30)
36 1
fi=(314) ./elf/../sysdeps/unix/sysv/linux/brk_call.h
-12 2
fe=(14)
+13 1
+1 2
+6 1
+1 1

fl=(24) ./elf/../sysdeps/nptl/dl-tls_init_tp.c
fn=(68) __tls_pre_init_tp
53 3
+3 8
+5 1
-5 1
+5 1
+1 1
-6 1
+8 1

fn=(256) __tls_init_tp
68 2
fi=(315) ./elf/../include/list.h
-24 1
fe=(24)
+24 3
fi=(315)
-25 1
fe=(24)
+26 1
+3 1
fi=(315)
-29 1
+1 1
+1 1
+2 1
fe=(24)
+28 4
+1 2
+1 1
+5 2
+5 1
+6 1
-3 1
+3 1
-6 3
+6 1
+12 4
cfi=(11)
cfn=(28)
calls=1 387 
* 24
fi=(75) ./elf/../sysdeps/unix/sysv/linux/rseq-internal.h
-73 3
+8 1
fe=(24)
+81 3
+7 2
+1 3
fi=(75)
-95 7
+3 2
fe=(24)

fn=(86) rtld_mutex_dummy
42 24
+2 48

fl=(174) ./elf/./elf/dl-lookup-direct.c
fn=(556) _dl_lookup_direct
74 30
+2 3
-2 6
+4 3
-4 3
+2 3
+2 9
+37 3
-37 9
+1 6
+2 12
+3 25
+2 6
-54 3
+54 3
-54 3
+54 3
-54 9
+1 9
+2 6
+1 6
+12 9
+3 3
+2 6
-2 3
+2 9
cfi=(32)
cfn=(94)
calls=3 +45 
* 209
* 6
+4 6
+1 3
-1 3
+1 18
+1 9
cfi=(32)
cfn=(94)
calls=3 +39 
* 198
* 6
+57 27
-23 6

fl=(13)
fn=(26)
289 2
+1 2
-1 2
+1 2
cfi=(11)
cfn=(28)
calls=1 +97 
* 24
+2 3
-1 1
+2 2

fn=(234) dfs_traversal.part.0
135 162
+10 18
-2 18
+2 36
+2 68
-7 124
+7 232
+9 32
+15 54
+1 18
+1 120
cfn=(235) dfs_traversal.part.0'2
calls=4 -38 
* 232
-26 20
+9 32

fn=(235)
135 54
+10 6
-2 6
+2 12
+2 16
-7 16
+7 24
+9 8
+15 18
+1 6
+1 42
cfn=(235)
calls=2 -38 
* 53
-26 10
+9 14

fn=(232) _dl_sort_maps
298 24
+8 2
-8 2
+8 4
+4 16
-99 2
-28 2
-2 2
+1 4
+29 2
-28 8
+1 2
-1 2
+1 2
-1 4
+1 22
-1 22
+1 22
-1 44
+28 30
+8 6
-3 2
+2 2
+1 4
-3 2
+5 74
+2 24
-83 102
cfn=(234)
calls=18 -5 
* 1166
+86 66
+18 8
+32 8
+7 2
+27 2
-47 6
cfi=(29)
cfn=(82)
calls=2 -53 
* 54
* 2

fl=(25) ./elf/./elf/dl-environ.c
fn=(70) _dl_next_ld_env_entry
28 3
+1 3
+3 90
+13 80
-13 160
+2 164
+1 22
+5 2
-3 2
+3 2
+2 2

fl=(65) ./io/../sysdeps/unix/sysv/linux/stat64.c
fn=(210) stat
28 6
+1 12
cfi=(66)
cfn=(212)
calls=3 146 
* 28

fl=(22)
fn=(62)
57 55
+44 55
+1 55
+1 55
+1 55
+1 55
+1 55
+1 55
+2 55
+2 55
+31 53
+1 53
+1 53
+1 53
+1 53
+1 21
+2 21
+4 32
+1 32
+1 32
+1 32
+1 32
+1 32
+1 32
+1 32
+1 32
+1 32
+1 32
+1 32
+5 256
+4 2
+1 28
+1 14
+15 1
+1 1
+1 2
+51 1
+1 1
+1 1
+1 1
+1 1
+1 1
+1 1
+1 1
+16 1
+2 1
+1 14
+2 1
+1 1
+1 1
+2 1

fl=(23)
fn=(64)
37 4
+3 1
-3 2
+21 2
+4 2
+16 5

fl=(38) ./elf/../sysdeps/x86_64/dl-hwcaps-subdirs.c
fn=(110) _dl_hwcaps_subdirs_active
29 1
fi=(19)
+2 1
fe=(38)
+7 1
fi=(19)
-8 4
fe=(38)
+22 1
fi=(19)
-20 3
+4 1
fe=(38)
+2 1
fi=(19)
-2 2
+3 4
+1 4
+5 1
fe=(38)
-7 1
fi=(19)
+7 3
fe=(38)
-2 1
fi=(19)
+5 2
+3 5
+2 4
+1 2
+1 2
+3 1
fe=(38)
-10 1
fi=(19)
+10 3
fe=(38)

fl=(27)
fn=(142) __minimal_free
97 1
+2 4

fn=(78)
36 512
+1 192
+11 189
+3 63
-3 63
+3 126
-3 2
+3 1
-3 1
+3 242
+19 64
+1 64
+2 384
-17 16
+1 8
+2 4
+1 28
cfi=(57) ./misc/../sysdeps/unix/sysv/linux/mmap64.c
cfn=(182) mmap
calls=4 -13 
* 104
* 4
+2 8
+2 16
cfi=(58) ./misc/../sysdeps/unix/sysv/linux/setvmaname.c
cfn=(184) __set_vma_name
calls=4 -31 
* 66
+1 12
+2 3
+4 3
-4 6
-24 1
-1 1
+1 1
+1 2
-2 2
+28 1
-3 2
+4 2

fn=(74) __minimal_calloc
80 24
+4 24
-4 96
+7 24
+1 72
fi=(28)
-32 24
cfi=(27)
cfn=(78)
calls=24 -20 
* 937
fe=(27)

fl=(175) ./elf/./elf/dl-call-libc-early-init.c
fn=(560) _dl_call_libc_early_init
27 1
+2 2
-2 1
+6 3
-6 3
+6 1
-6 2
+6 1
cfi=(174)
cfn=(556)
calls=1 +41 
* 225
+4 2
+2 3
+2 1
-1 1
-1 1
+2 2
-1 1
cob=(2)
cfi=(176) ./elf/./elf/libc_early_init.c
cfn=(562) __libc_early_init
calls=1 -7 
* 353

fl=(30) ./elf/./elf/dl-load.c
fn=(132) fillin_rpath.isra.0
468 9
+4 1
-4 8
+6 3
cfi=(7) ./elf/./elf/dl-minimal.c
cfn=(134) strsep
calls=1 239 
* 240
* 3
cfi=(7)
cfn=(134)
calls=1 239 
* 8
* 6
+7 2
+2 3
cfn=(136) expand_dynamic_string_token
calls=1 -98 
* 125
* 1
+4 2
+5 2
cfi=(22)
cfn=(62)
calls=1 57 
* 17
* 1
+1 2
+7 5
+9 15
+1 8
fi=(28)
50 2
cfi=(27)
cfn=(142)
calls=1 +47 
* 5
+1 1
fe=(30)
528 4
+4 4
fi=(28)
56 1
cfi=(27)
cfn=(78)
calls=1 -20 
* 30
* 1
fe=(30)
534 2
+5 1
+1 2
-1 1
-1 1
+2 1
cfi=(29)
cfn=(126) mempcpy
calls=1 197 
* 13
+3 1
-3 1
+1 1
+2 1
+6 1
+1 1
-1 3
+1 5
+1 1
-1 1
+1 1
-1 3
+1 1
-1 2
+1 1
+2 2
+1 3
+1 1
+6 2
+1 1
+3 3
-60 2
-22 2
+88 1
+3 8
-24 2

fn=(166) _dl_map_object
1967 312
+8 52
+1 104
+3 751
+5 1197
+2 513
cfi=(52)
cfn=(168) _dl_name_match_p
calls=171 68 
* 16442
* 342
+4 310
+1 465
+4 108
-1 540
+1 108
+1 108
-1 108
+1 216
cfi=(32)
cfn=(94)
calls=108 98 
* 4026
* 216
2270 244
2011 30
-1 20
+9 10
-50 10
+50 20
+17 20
-2 10
+2 10
cfi=(41) ./string/../sysdeps/x86_64/multiarch/../multiarch/strchr-sse2.S
cfn=(118) index
calls=10 32 
* 288
* 20
2202 2
-1 3
cfn=(136)
calls=1 385 
* 175
+6 1
-7 1
+1 1
+2 2
+4 7
cfn=(170) open_verify.constprop.0
calls=1 1572 
* 106
+3 2
-3 1
+3 1
+12 4
+45 1
+1 5
-1 1
+1 8
cfn=(176) _dl_map_object_from_fd
calls=1 944 
* 1940
-1 9
+1 45
-1 9
+1 72
cfn=(176)
calls=9 944 
* 19059
* 30
2040 18
cfi=(22)
cfn=(62)
calls=9 57 
* 189
* 18
+2 18
+7 36
+51 117
cfn=(208) open_path
calls=9 1812 
* 2532
+6 9
-6 9
+6 18
2222 36
+46 18
682 9
2107 9
682 18
+3 6
2135 18
cfi=(67)
cfn=(214)
calls=9 403 
* 13982
* 9
+2 18
+4 18
+31 9
-23 18
+23 63
cfn=(170)
calls=9 1572 
* 988
+4 18
-4 9
+4 9
+1 9
+17 18
2074 45
682 9
2075 9
682 27
2099 18
+1 18
-47 9
+1 9
696 45
2058 36
682 12
2059 12
682 24
+3 6
+3 9
+3 3
+1 3
2073 45
+1 18
688 9
2115 6
+14 12
+2 27
-47 18
691 3
2115 3
+14 6

fn=(170)
1572 210
+32 21
-32 42
+32 42
+19 84
cfi=(53) ./io/../sysdeps/unix/sysv/linux/open64_nocancel.c
cfn=(172) __open_nocancel
calls=21 28 
* 453
* 21
+2 42
+8 10
+1 20
+5 10
-5 10
+5 50
cfi=(54) ./io/../sysdeps/unix/sysv/linux/read_nocancel.c
cfn=(174) __read_nocancel
calls=10 25 
* 60
+2 20
+2 20
+2 20
+6 20
+17 130
+81 20
+5 20
+6 40
+6 20
+6 10
+1 10
-1 30
+1 30
+26 189
-22 13
+1 2
-1 1
+1 1
cfi=(70) ./io/../sysdeps/unix/sysv/linux/pread64_nocancel.c
cfn=(226) __pread64_nocancel
calls=1 25 
* 7
* 2
1668 6
-59 22
1777 2

fn=(176)
944 100
+15 10
-15 20
+15 10
-15 20
+15 20
+77 40
+10 20
+7 70
cfi=(26) ./elf/./elf/dl-object.c
cfn=(72) _dl_new_object
calls=10 59 
* 3798
* 10
+1 20
+11 10
+5 10
-4 10
-1 10
+2 10
+2 10
-2 10
+2 20
+1 30
+1 18
+19 18
-2 9
+2 92
-2 1
+2 100
+10 10
-10 10
+10 30
+27 10
-33 10
-3 10
+2 10
-1 10
+35 10
+9 10
-50 10
+41 10
+9 10
-36 10
+63 50
-62 384
+26 280
+8 80
+1 40
-1 40
+1 160
+1 40
-1 40
+1 40
+2 40
-2 40
+2 40
+2 40
-4 40
+1 40
+3 40
-4 40
+4 200
+2 80
+13 80
+1 150
+5 30
+1 270
-28 60
-35 90
+62 10
+1 90
-28 20
-35 222
+1 588
1213 10
1100 10
1213 20
1100 30
1218 70
+10 30
+1 10
-1 10
+1 10
-1 30
+1 30
-1 30
+1 30
-1 90
1066 20
1235 20
+10 40
+7 40
fi=(59) ./elf/./dl-map-segments.h
28 10
fe=(30)
1252 30
fi=(59)
28 20
+1 80
cfi=(57)
cfn=(182)
calls=10 +18 
* 280
+73 20
-1 10
-72 10
+73 10
+3 20
+1 10
+2 10
-3 10
+1 10
+2 10
+17 10
-44 10
fi=(60) ./elf/./dl-load.h
+10 80
fi=(59)
+58 160
+6 10
+2 10
-2 10
+1 10
+2 20
-1 20
+3 20
+5 20
+3 30
+8 60
cfi=(43) ./string/../sysdeps/x86_64/multiarch/../multiarch/memset-vec-unaligned-erms.S
cfn=(130) memset
calls=10 -44 
* 1086
* 10
+6 20
+12 40
-59 240
+2 120
+2 240
cfi=(57)
cfn=(182)
calls=30 -92 
* 630
* 60
fe=(30)
1264 10
fi=(56) ./elf/../sysdeps/posix/dl-fileid.h
37 20
cfi=(55) ./io/../sysdeps/unix/sysv/linux/fstat64.c
cfn=(178) fstat
calls=10 -7 
* 60
* 20
fe=(30)
989 20
fi=(56)
40 30
fe=(30)
989 10
fi=(56)
40 10
fe=(30)
989 235
+1 130
fi=(56)
49 220
fe=(30)
1519 90
1074 13
+1 2
-1 1
+1 1
-1 1
+1 1
cfi=(70)
cfn=(226)
calls=1 25 
* 7
* 2
+46 2
+1 1
-15 20
+7 10
+2 10
-2 10
+1 10
+1 10
-1 20
+1 80
+60 12
+5 4
-1 8
+5 4
-5 8
-66 4
+71 16
+1 4
+3 4
-3 4
+8 16
+15 20
+1 10
1008 20
1268 40
+1 30
fi=(61) ./elf/./elf/get-dynamic-info.h
39 20
+6 10
-2 10
+11 10
+1 10
-10 20
+8 6
+15 6
-23 24
+23 260
-23 1040
+4 532
+3 62
-1 124
+3 224
+1 184
+1 50
+16 40
+12 32
+1 40
+1 40
+1 40
+1 32
+1 39
+1 39
+1 40
+12 10
+7 10
-7 70
+7 21
+5 18
+7 18
+1 30
+6 30
+1 6
+17 30
+5 10
+2 10
+2 10
+2 10
+4 30
+2 15
+1 10
+9 10
+6 10
+4 20
fe=(30)
1275 20
+1 20
+2 20
+10 30
+19 30
+2 60
+52 30
+1 8
+6 90
+1 190
+6 36
cfn=(88) _dl_process_pt_gnu_property
calls=9 868 
* 628
-7 237
+1 114
+6 114
-6 228
fi=(31) ./elf/../sysdeps/x86/dl-prop.h
149 40
fe=(30)
1380 20
cfi=(62)
cfn=(194)
calls=10 25 
* 60
* 20
+13 20
+2 40
+2 20
+16 20
cfi=(8)
cfn=(14)
calls=10 25 
* 270
+4 20
+1 20
+17 20
+1 1
+3 1
+5 1
-5 1
+5 1
-5 9
+5 9
-5 9
+5 9
+5 20
+12 80
+10 20
+1 16
+5 8
cfi=(46) ./elf/../elf/dl-tls.c
cfn=(224) _dl_assign_tls_modid
calls=4 125 
* 48
+7 30
cfi=(26)
cfn=(84) _dl_add_to_namespace_list
calls=10 31 
* 690
+3 20
+4 20
cfi=(45) ./elf/./elf/dl-debug.c
cfn=(196) _dl_debug_update
calls=10 38 
* 70
* 10
+1 30
+22 70
+1 30
cfi=(48) ./elf/./elf/dl-audit.c
cfn=(198) _dl_audit_objopen
calls=10 77 
* 50
* 10
fi=(60)
92 36
+2 9
-1 9
+1 9
-1 9
+1 9
-1 9
+1 9
-1 18
+3 36
fi=(61)
-37 40
+3 40
+2 40
181 12
-15 2
-7 8
fe=(30)
1510 20
1074 2
fi=(59)
186 24
cfi=(57)
cfn=(182)
calls=3 47 
* 63
+3 6
fe=(30)
1462 21
+2 6
-1 30
+1 6
-1 6
+1 6
-1 6
cfi=(32)
cfn=(94)
calls=6 98 
* 215
* 12
+2 5
1275 10

fn=(106) _dl_init_paths
706 11
+14 1
-14 2
+14 2
cfi=(37) ./elf/./elf/dl-hwcaps.c
cfn=(108) _dl_important_hwcaps
calls=1 172 
* 1244
fi=(28)
56 1
fe=(30)
720 1
fi=(28)
56 1
cfi=(27)
cfn=(78)
calls=1 -20 
* 30
fe=(30)
725 1
+2 3
+8 2
-1 3
+5 3
fi=(28)
56 1
cfi=(27)
cfn=(78)
calls=1 -20 
* 30
fe=(30)
739 1
+2 4
+7 1
+8 1
+2 1
+12 2
-23 1
+9 1
+11 1
-4 1
-5 1
+3 2
+7 2
+2 2
-11 1
+11 3
-8 1
+4 1
+1 3
+1 16
cfi=(43)
cfn=(130)
calls=4 132 
* 56
+2 15
-14 3
+10 3
+4 9
-12 3
-2 3
+2 3
+4 3
-3 3
+3 3
+1 3
-2 3
+5 9
+1 6
+3 1
+15 1
-8 1
+5 1
-6 1
+9 2
+2 4
+2 3
+36 5
+2 2
cfi=(22)
cfn=(62)
calls=1 57 
* 17
* 9
-19 1
-2 1
+2 2
+19 9
cfi=(29)
cfn=(82)
calls=1 210 
* 11
* 1
+5 4
-1 2
+2 1
+1 2
-2 4
+1 13
+1 26
-2 52
+5 1
fi=(28)
56 1
cfi=(27)
cfn=(78)
calls=1 -20 
* 30
fe=(30)
836 1
fi=(28)
56 1
fe=(30)
838 2
+6 6
cfn=(132)
calls=1 468 
* 581
+3 3
+6 1
+4 8
-35 2
+5 2

fn=(208)
1812 72
+1 9
-1 27
+1 9
+6 18
+5 153
+67 18
-74 9
+7 27
+57 9
-65 9
+65 9
+10 18
-64 18
+8 54
+7 18
-11 9
+12 9
-1 36
cfi=(29)
cfn=(126)
calls=9 197 
* 117
+1 90
+50 16
-2 32
-48 99
+3 54
+5 77
cfi=(29)
cfn=(126)
calls=11 197 
* 143
* 44
cfi=(29)
cfn=(126)
calls=11 197 
* 143
+3 22
+6 33
+3 77
cfn=(170)
calls=11 1572 
* 616
* 11
+2 33
+2 6
+93 81
-88 6
+1 21
+6 3
+2 6
-2 6
+2 3
cfi=(65)
cfn=(210)
calls=3 28 
* 46
* 3
+3 3
-3 6
+1 2
+9 8
+2 1
-2 2
+2 11
+44 72
+6 18
-2 9
+2 18
+3 27
1822 18
+2 18

fn=(204) _dl_dst_count
238 50
+3 25
-3 125
+7 25
-7 50
+3 25
cfi=(41)
cfn=(118)
calls=25 32 
* 744
+3 50
+20 225

fn=(136)
385 18
241 4
385 2
241 2
cfi=(41)
cfn=(118)
calls=2 32 
* 72
+3 4
410 2
-11 2
+11 12
-11 2
cfi=(44)
cfn=(138)
calls=2 40 
* 180

fn=(88)
868 10
+8 10
-8 20
+8 10
-6 10
+12 20
-13 10
+13 10
-13 10
+13 20
+3 30
+1 20
+1 20
+3 30
+1 30
+4 10
+1 20
+22 10
+2 10
-2 20
+2 30
-20 26
+1 13
+3 26
+3 13
+1 52
fi=(31)
95 52
+7 26
+16 13
-3 26
254 20
+1 10
+2 40
+3 10
-8 6
+5 3
-4 3
+4 9
+3 3
-2 7
fe=(30)

fl=(183) ./elf/./elf/dl-init.c
fn=(594) call_init.part.0
26 144
+17 12
+3 12
-3 24
+3 24
+5 22
+8 33
+1 54
cob=(4)
cfi=(181)
cfn=(1138) 0x0000000004933000
calls=1 -60 
* 7
cob=(4)
cfi=(181)
cfn=(1058) 0x00000000053eb000
calls=1 -60 
* 7
cob=(4)
cfi=(181)
cfn=(1048) 0x0000000005519000
calls=1 -60 
* 7
cob=(4)
cfi=(181)
cfn=(1038) 0x000000000555b000
calls=1 -60 
* 7
cob=(4)
cfi=(181)
cfn=(1028) 0x0000000005854000
calls=1 -60 
* 7
cob=(4)
cfi=(181)
cfn=(1018) 0x0000000005353000
calls=1 -60 
* 7
cob=(4)
cfi=(181)
cfn=(1008) 0x0000000005904000
calls=1 -60 
* 7
cob=(4)
cfi=(181)
cfn=(616) 0x00000000059a7000
calls=1 -60 
* 7
cob=(4)
cfi=(181)
cfn=(596) 0x000000000483d000
calls=1 -60 
* 7
+3 11
+1 22
+6 20
+2 20
-2 10
+3 64
+1 16
cob=(11) /usr/lib/x86_64-linux-gnu/libglib-2.0.so.0.8000.0
cfi=(227) ???
cfn=(1068) 0x000000000001ff80
calls=1 -74 
* 4577
cob=(6)
cfi=(189)
cfn=(1002)
calls=1 -74 
* 39
cob=(6)
cfi=(189)
cfn=(626)
calls=1 -74 
* 29780
cob=(2)
cfi=(188) ./libio/./libio/vtables.c
cfn=(614) check_stdfiles_vtables
calls=1 545 
* 12
* 40
cob=(12) /usr/lib/x86_64-linux-gnu/libflint.so.18.0.1
cfi=(228) ???
cfn=(1142) 0x00000000000df860
calls=1 -74 
* 12
cob=(11)
cfi=(227)
cfn=(1062) 0x00000000000200c0
calls=1 -74 
* 12
cob=(10)
cfi=(226) ???
cfn=(1052) 0x0000000000003db0
calls=1 -74 
* 12
cob=(3) /usr/lib/x86_64-linux-gnu/libm.so.6
cfi=(225) ???
cfn=(1042) 0x00000000000104e0
calls=1 -74 
* 12
cob=(9)
cfi=(224)
cfn=(1032)
calls=1 -74 
* 12
cob=(8) /usr/lib/x86_64-linux-gnu/libgmp.so.10.5.0
cfi=(223) ???
cfn=(1022) 0x000000000000a2f0
calls=1 -74 
* 12
cob=(7) /usr/lib/x86_64-linux-gnu/libpcre2-8.so.0.11.2
cfi=(222) ???
cfn=(1012) 0x00000000000023d0
calls=1 -74 
* 12
cob=(6)
cfi=(189)
cfn=(620)
calls=1 -74 
* 12
cob=(2)
cfi=(185) ./csu/./csu/init-first.c
cfn=(606) _init_first
calls=1 -28 
* 72
cob=(5) /usr/libexec/valgrind/vgpreload_core-amd64-linux.so
cfi=(184) ???
cfn=(600) 0x0000000000001110
calls=1 -74 
* 12
-1 42
+3 96
-29 2

fn=(592) _dl_init
81 13
+1 1
+1 1
+3 3
+8 2
+25 1
+1 8
+1 24
-92 24
+6 36
+2 57
+83 22
cfn=(594)
calls=11 -94 
* 35242
* 22
+7 8
-98 2
+60 2
-54 3
+2 7
cfn=(594)
calls=1 -11 
* 77
* 2

fl=(46)
fn=(146) _dl_count_modids
192 1
+2 2
+1 1
+15 2

fn=(252) _dl_allocate_tls_storage
417 7
+2 1
+11 1
+1 1
fi=(28)
56 1
cfi=(27)
cfn=(78)
calls=1 -20 
* 86
fe=(46)
432 2
+8 3
fi=(28)
44 1
fe=(46)
440 2
+5 1
-5 1
+1 1
+4 304
+19 1
-99 1
+4 1
+1 1
fi=(28)
44 1
cfi=(27)
cfn=(74)
calls=1 +36 
* 41
fe=(46)
371 2
+3 1
+6 2
+90 7

fn=(536) _dl_allocate_tls_init
523 11
+1 2
+4 1
+6 1
-6 1
+6 1
cfi=(24)
cfn=(86)
calls=1 42 
* 3
+3 3
+12 1
-18 1
+42 3
-19 12
+9 12
+1 8
+6 12
+3 4
-2 4
+2 4
-2 4
+2 16
+4 4
-4 4
+4 4
-1 8
+4 8
+1 16
+2 8
+1 8
+17 4
-8 4
+8 4
+2 16
cfi=(29)
cfn=(126)
calls=4 197 
* 112
* 24
cfi=(43)
cfn=(130)
calls=4 132 
* 592
-49 4
+55 4
-55 16
+6 11
+55 2
cfi=(24)
cfn=(86)
calls=1 42 
* 3
+3 2
+3 9

fn=(248) _dl_tls_static_surplus_init
97 2
+3 1
-3 3
+3 1
-3 1
+3 1
-3 1
+3 1
-3 1
+3 1
cfi=(11)
cfn=(28)
calls=1 387 
* 23
* 1
+1 4
cfi=(11)
cfn=(28)
calls=1 387 
* 23
+1 1
+2 1
-3 1
+1 2
+2 3
+3 1
+2 1
-26 3
+28 3
+1 6

fn=(438) _dl_add_to_slotinfo
1017 32
+9 4
-9 4
+6 4
+4 4
+4 12
+34 8
+3 8
+1 12
+3 24

fn=(224)
125 4
+16 4
-13 4
-3 12
+3 4
+55 4
-2 4
+5 4
+1 8

fn=(250) _dl_determine_tlsoffset
216 9
+6 4
+3 2
+36 3
+2 1
-2 1
-2 1
-40 1
-1 1
-1 1
+46 2
+23 12
+3 4
-3 20
+2 8
+4 1
-1 1
+1 1
+2 1
-33 2
+20 1
-20 5
+33 3
-33 6
+20 3
-20 15
+2 8
+3 4
-1 4
+5 8
-5 4
+1 4
-1 4
+3 8
+2 12
+32 2
-1 1
+53 1
-52 5
+2 2
+51 8

fl=(39) ./elf/./elf/dl-hwcaps_split.c
fn=(120) _dl_hwcaps_split
25 5
+1 3
+21 1
-20 1
+20 3

fn=(114) _dl_hwcaps_split_masked
51 110
-25 44
+36 5
-7 5
+7 35
-26 24
+5 27
cfi=(41)
cfn=(118)
calls=9 -9 
* 216
* 9
+1 18
+3 6
+11 12
+1 18
+1 12
-2 6
+1 9
+1 6
-28 24
+4 48
+1 12
-1 30
+24 6
+9 12
-5 6
-2 6
+2 42
-19 6
cfi=(22)
cfn=(62)
calls=3 +14 
* 51
* 6

fl=(53)
fn=(172)
28 44
+3 22
-3 44
+3 132
+8 154
+2 22
-2 33
+2 22

fl=(173) ./elf/../sysdeps/nptl/dl-mutex.c
fn=(554) __rtld_mutex_init
30 2
+10 3
-10 3
+10 1
-10 1
+10 1
-10 1
+7 1
+3 2
cfi=(174)
cfn=(556)
calls=1 +34 
* 233
+4 2
+1 8
+2 3
-2 1
+2 3
cfi=(174)
cfn=(556)
calls=1 +27 
* 223
+4 2
+1 7
+1 6

fl=(51) ./setjmp/../sysdeps/x86_64/setjmp.S
fn=(162) __sigsetjmp
31 26
+2 26
+9 26
+1 52
+1 26
+4 26
+1 26
+1 26
+1 26
+1 26
+2 52
+2 26
+1 26
+1 26
+2 52
+2 26
+8 26
+3 26
+1 26
+7 26
+1 26

fl=(41)
fn=(118)
32 46
+1 46
+1 46
+1 46
+1 46
+1 46
+1 46
+1 46
+1 46
+1 46
+1 46
+1 46
+1 46
+1 46
+1 46
+1 46
+1 46
+1 46
+1 37
+4 37
+1 37
+1 37
+1 37
+2 37
+4 9
+1 9
+1 9
+1 9
+1 9
+1 9
+1 9
+1 9
+1 9
+1 9
+1 9
+1 9
+1 9
+1 9
+1 9
+1 9
+1 9
+1 9
+1 9
+1 9
+1 9
+1 9
+1 9
+1 9
+52 9
+4 9
+1 9
+1 9
+1 9
+2 9

fl=(42) ./string/../sysdeps/x86_64/multiarch/../multiarch/memcmp-sse2.S
fn=(122) bcmp
59 1
+12 1
+1 1
+22 1
+1 1
+45 1
+1 1
+2 1
+1 1
+2 1
+1 1
+2 1
+1 1
+47 1
+1 1
+1 1
+1 1
+1 1
+1 1

fl=(70)
fn=(226)
25 4
+1 8
+1 2

fl=(2)
fn=(238) version_check_doit
674 2
+2 1
-2 4
+2 3
cfi=(73) ./elf/./elf/dl-version.c
cfn=(240) _dl_check_all_versions
calls=1 392 
* 36739
* 2
+4 3

fn=(246) init_tls
734 1
+6 1
-6 3
+2 2
+4 2
+11 1
fi=(28)
44 1
fe=(2)
746 1
+4 1
fi=(28)
44 1
cfi=(27)
cfn=(74)
calls=1 +36 
* 41
fe=(2)
761 1
-12 1
+6 1
-9 1
+11 1
+4 1
+2 3
-1 2
+3 24
+4 4
+2 4
-2 8
-5 4
-1 8
+10 3
+3 2
cfi=(46)
cfn=(248)
calls=1 97 
* 86
+3 1
cfi=(46)
cfn=(250)
calls=1 216 
* 184
+7 1
cfi=(46)
cfn=(252)
calls=1 417 
* 470
* 1
+1 2
+6 1
fi=(74) ./elf/../sysdeps/generic/dl-call_tls_init_tp.h
31 2
fe=(2)
793 1
fi=(74)
31 6
+2 1
cfi=(24)
cfn=(256)
calls=1 +35 
* 79
fe=(2)
800 1
-3 1
+3 4
-36 8
-1 16

fn=(66)
1346 2
197 1
1346 11
199 1
302 1
+1 1
197 1
+99 3
1357 1
cfi=(24)
cfn=(68)
calls=1 53 
* 17
2749 1
2538 1
2749 2
2598 1
+2 2
+15 1
-13 2
cfi=(25)
cfn=(70)
calls=1 28 
* 71
* 4
cfi=(25)
cfn=(70)
calls=2 28 
* 459
* 9
+4 6
-2 2
+2 6
+1 2
-1 6
+1 17
-1 89
+9 12
2727 3
1373 1
+1 2
-1 2
+1 2
2687 3
-47 2
+10 2
1637 9
cfi=(26)
cfn=(72)
calls=1 59 
* 210
* 1
+2 2
+1 3
+6 1
-5 2
+1 3
+4 1
cfi=(26)
cfn=(84)
calls=1 31 
* 42
+1 2
1116 1
-1 1
1351 1
1143 1
-21 2
+21 2
-19 1
+1 1
-3 1
+21 2
+57 1
-82 1
+25 1
-3 1
+4 1
+19 1
+37 4
-56 102
+56 4
-1 4
+1 8
-1 4
+2 8
+1 1
+2 12
+1 14
+4 8
+1 8
+1 4
+4 12
-72 27
1253 2
+1 22
+6 4
cfi=(30)
cfn=(88)
calls=1 868 
* 90
-7 26
+1 13
+6 13
-6 26
fi=(31)
235 4
+1 2
-87 4
fe=(2)
1148 1
-5 1
+5 2
-5 2
+30 1
-9 2
+2 1
-3 1
+10 2
+18 2
-38 2
-10 1
+10 1
+1 9
-11 2
+1 14
1247 1
1143 1
1247 2
1143 3
1266 4
+3 3
+2 3
1672 3
+2 2
-1 1
+1 1
+1 3
-2 2
cfi=(32)
cfn=(94)
calls=1 98 
* 25
* 2
+7 1
+3 1
-5 1
+3 1
+2 1
+1 2
+4 2
+2 2
fi=(3) ./elf/./get-dynamic-info.h
39 4
+4 1
+2 1
+9 1
+1 1
-10 2
+23 31
-23 124
+4 62
+3 6
-1 12
+3 24
+1 20
fe=(2)
1243 1
1143 1
1243 1
1143 2
fi=(3)
72 4
+43 2
+7 3
+1 4
+6 3
+18 4
+5 2
+2 2
+2 2
+2 2
+1 2
+3 4
+2 3
+1 2
+9 2
+6 2
+1 3
+3 3
fe=(2)
1698 4
+7 2
cfi=(8)
cfn=(14)
calls=1 25 
* 27
+3 2
fi=(33) ./elf/./setup-vdso.h
24 2
fi=(36) ./elf/./dl-main.h
+85 2
fi=(35) ./elf/../sysdeps/unix/sysv/linux/dl-vdso-setup.h
-64 1
fi=(36)
+64 3
cfi=(30)
cfn=(106)
calls=1 706 
* 2322
fe=(2)
1733 3
cfi=(45)
cfn=(144) _dl_debug_initialize
calls=1 56 
* 34
+7 1
-5 1
-2 1
+7 1
+4 1
+1 1
+2 1
-3 3
+1 2
+3 1
+11 1
-13 1
+13 1
+1 2
+5 1
-3 2
+2 1
+1 2
+5 3
+1 5
-1 2
224 1
+1 1
-1 1
+1 3
+1 2
1788 2
+5 1
-1 1
1352 1
1793 1
+24 1
cfi=(46)
cfn=(146)
calls=1 192 
* 6
* 1
fi=(47) ./elf/../sysdeps/generic/dl-debug.h
29 4
+1 1
fe=(2)
1823 1
+1 1
cfi=(45)
cfn=(150) _dl_debug_state
calls=1 116 
* 2
+1 1
+4 3
cfi=(48)
cfn=(152) _dl_audit_activity_map
calls=1 29 
* 17
+5 3
+2 1
+2 2
+9 2
+16 4
cfi=(63) ./io/../sysdeps/unix/sysv/linux/access.c
cfn=(200) access
calls=1 25 
* 9
* 2
+76 4
+16 3
85 1
1965 1
85 2
1965 1
85 1
1965 5
85 1
1965 2
cfi=(64) ./elf/./elf/dl-deps.c
cfn=(202) _dl_map_object_deps
calls=1 143 
* 73750
92 1
+9 1
1971 1
92 2
+9 2
1971 2
+1 6
-1 4
+1 22
-1 44
+4 3
+1 2
+1 1
+2 38
+1 18
+46 1
-42 2
+8 3
+1 2
+2 1
+2 4
+2 1
-4 1
+5 1
-1 2
+14 2
+1 2
+1 3
+2 2
+1 2
-28 1
+36 2
+2 1
-2 1
+2 2
-2 1
+1 2
+1 1
-1 2
+1 1
cfi=(50) ./elf/./elf/dl-catch.c
cfn=(236) _dl_receive_error
calls=1 186 
* 36776
+10 1
+1 1
-1 1
+1 1
+3 2
837 1
fi=(316) ./elf/../sysdeps/unix/sysv/linux/dl-osinfo.h
39 2
fe=(2)
839 1
fi=(316)
52 1
fe=(2)
848 1
+7 1
-5 1
2047 3
2246 2
+4 1
-4 1
+10 1
-6 1
+6 1
-6 1
+9 2
+8 2
fi=(31)
36 2
+1 3
+3 3
+13 14
-13 11
+9 22
-9 1
+9 48
+4 44
-16 36
+34 1
fe=(2)
2279 1
fi=(31)
71 1
cfi=(76) ./elf/../sysdeps/x86_64/dl-cet.c
cfn=(260) _dl_cet_check
calls=1 361 
* 55
fe=(2)
2282 1
-3 2
+5 1
-2 2
+2 2
+1 6
cfi=(77) ./elf/./elf/dl-reloc.c
cfn=(262) _dl_relocate_object
calls=1 207 
* 86533
85 2
2292 1
85 2
2292 1
+1 32
+2 24
+5 24
+2 24
+6 12
+2 24
+1 88
cfi=(77)
cfn=(262)
calls=11 207 
* 1028094
+4 32
+1 8
-23 4
+23 4
cfi=(46)
cfn=(438)
calls=4 1017 
* 112
-23 9
92 3
+1 1
2325 1
93 1
2325 1
+4 4
+2 1
+7 4
cfi=(46)
cfn=(536)
calls=1 523 
* 971
+3 2
+4 3
+2 2
+33 3
cfi=(175)
cfn=(560)
calls=1 27 
* 603
+7 1
cfi=(9)
cfn=(576)
calls=1 147 
* 2
+3 3
cfi=(48)
cfn=(578) _dl_audit_activity_nsid
calls=1 41 
* 11
+4 2
cfi=(45)
cfn=(196)
calls=1 38 
* 7
+1 1
-1 1
+2 1
cfi=(45)
cfn=(150)
calls=1 116 
* 2
+1 1
+4 1
cfi=(67)
cfn=(580)
calls=1 525 
* 19
+5 8
2304 1
+1 1
-3 2
226 2
-2 1
+1 1
1773 1
+6 1
-6 2
+6 1
fi=(3)
56 5
+3 4
fi=(34) ./elf/../sysdeps/unix/sysv/linux/dl-vdso.h
-19 2
+1 5
fi=(35)
-11 1
+3 1
+3 1
+3 1
fi=(34)
+16 2
fi=(3)
+17 3
+12 3
+1 5
+1 5
+1 4
fe=(2)

ob=(2)
fl=(203)
fn=(688)
2710 78
-1 39
+1 39
2008 39
2711 39
2008 117
2712 39
+3 78
+29 269
4376 3

fn=(1364)
4495 32424
+4 13896
+6 18528
+1 9264
+4 23160
+8 18528
-1 9264
+1 9264
+29 1994
-20 1994
-6 1994
+6 3988
+20 7976
1792 3426
4561 6852
+11 3152
+2 2364
1992 788
4593 788
1992 1576
4595 788
+1 788
+4 1576
+2 788
-2 788
+2 788
+4 1576
+2 2364
+1 788
+19 3032
+1 16
+29 11964
-21 5276
+3 5276
+18 2638
-12 2638
+12 10552
-12 2638
cfn=(1654)
calls=2638 +19 
* 368076
3163 1206
+4 1206
-4 1206
+2 4824
+1 1206
+1 1206
4550 1206

fn=(1672)
4811 27
+17 27
-17 135
+28 27
-28 81
+15 27
+2 27
+13 54
+1 54
-1 486
+1 486
+62 810
+1 216
-31 268
+4 196
+2 98
+1 196
+1 196
+2 196
-4 36
+1 72
+1 72
+2 72
+1 20
+4 10
+2 10
-2 20
+3 10
+9 20
-12 124
+2 124
-2 248
+3 124
+9 352
-56 268
+4 402
+1 536
+8 134
-3 268
+3 134
-3 134
+4 134
-4 134
+5 134
-5 134
+5 268
+2 268
+1 14
+2 14
-1 14
+2 56
+2 98
cfn=(1674)
calls=14 1608 
* 294
* 70
+3 268
+4 36
+1 108
+16 72
-16 36
cfn=(1674)
calls=36 1608 
* 804
* 144

fn=(1674)
1608 2770
+2 8310
-2 2770
+2 5540
+3 2770
+1 5540
+2 11080
-3 2770
+6 2770
+1 2770
+1 13463
+2 96
+1 144
+3 96
+14 46
+1 46
+3 5536
-16 4
-16 2
+17 2
+15 4

fn=(2562)
2400 10
+13 6
-13 2
+18 4
+3 18
cfi=(281) ./misc/../sysdeps/unix/sysv/linux/mmap64.c
cfn=(2564) mmap
calls=2 47 
* 52
* 2
+3 4
+4 4
2008 8
2432 8
cfi=(282) ./misc/../sysdeps/unix/sysv/linux/setvmaname.c
cfn=(2566) __set_vma_name
calls=2 33 
* 80
+16 6
+19 2
-1 2
+5 2
-4 4
+4 4
+1 10
+3 6
+1 10
+5 14

fn=(2756) posix_memalign
5783 25600
+3 5120
+6 10240
-1 5120
+2 10240
+5 7680
cfn=(2492)
calls=2560 3575 
* 491662
* 2560
+8 2560
-6 5120
+2 2560
+1 2560
+4 15360

fn=(676) malloc
3294 35656
+7 8914
1326 8912
+19 20926
3311 6196
+2 17828
+3 8912
+10 5860
+28 17580
3248 4
cfn=(686) tcache_init.part.0
calls=1 -6 
* 473
+68 2
+1 4
+1 5592
3178 3054
+4 3054
+4 1527
+4 1527
-4 4581
+4 1527
+1 1527
3354 9162
-26 11720
cfn=(688)
calls=2930 3846 
* 399111
+1 14650
fi=(204)
153 5860
264 1
cfn=(680) ptmalloc_init.part.0
calls=1 -2 
* 1151
fe=(203)
1326 2

fn=(686)
3242 4
+9 8
+1 3
cfn=(688)
calls=1 3846 
* 359
+1 2
+8 4
+9 1
fi=(209)
59 2
fe=(203)
3270 1
fi=(209)
59 86
fe=(203)
3274 3

fn=(2494) _int_memalign
5039 320
1326 80
+19 320
5069 120
cfn=(688)
calls=40 3846 
* 19811
+2 80
-2 40
+2 40
+5 40
-2 40
+2 120
+7 145
+2 116
+1 5
+3 10
+1 20
+3 10
-3 96
+3 48
+8 290
+2 29
+1 87
+1 29
-1 58
+1 29
cfn=(1654)
calls=29 4665 
* 2639
+3 261
-2 29
+7 120
+2 80
+1 40
+1 40
+1 80
+2 40
+2 40
-5 40
+4 80
+20 360
-11 40
-1 40
+1 80
4714 80
5123 21
4720 42
+13 21
-1 21
+1 63
+1 42
+2 21
+2 42
+5 21
+1 21
+2 63
+1 21
5134 63
cfn=(1656)
calls=21 4770 
* 504
* 57
cfn=(1656)
calls=19 4770 
* 684
+6 40
4740 51
+16 19
+1 57
+1 38
-37 21
cfn=(1674)
calls=21 1608 
* 468
+1 42

fn=(766) calloc
3699 486
+10 243
-10 1701
+10 1944
+8 486
+3 729
+2 486
+34 1213
fi=(204)
153 482
fe=(203)
3732 243
+1 243
+21 486
-21 486
+21 243
cfn=(688)
calls=243 +92 
* 26526
+2 486
+33 2
fi=(209)
59 2
fe=(203)
3789 4
+48 1880
-78 4
+37 241
-12 241
+12 482
+3 1205
+8 241
+2 482
+2 482
+5 233
+2 233
-2 233
+3 466
+2 225
+2 450
+2 218
+2 436
+2 4
-73 723
+3 723
+78 8
fi=(209)
59 16
fe=(203)
3837 48
fi=(209)
59 8
cob=(4)
cfi=(181)
cfn=(720)
calls=8 -59 
* 766972
fe=(203)

fn=(2492)
3575 18200
+6 5200
+4 80
1326 80
+19 200
3615 120
+2 80
+21 80
+24 240
-72 120
+8 120
+64 2560
-80 2560
+80 10240
-80 2560
cfn=(676)
calls=2560 3294 
* 450702
+58 200
cfn=(2494)
calls=40 5039 
* 28515
+1 200
fi=(204)
153 80
fe=(203)
3643 80

fn=(2870)
3024 2
+2 2
-1 2
+1 4
+2 2
-3 2
-1 2
+4 2
+3 4
+7 2
-8 2
+9 2
-8 2
+1 2
+6 6
+1 8
+3 2
+1 6
+6 2
-1 4
cfi=(286)
cfn=(2872)
calls=2 117 
* 12

fn=(1118) realloc
3407 2134
+6 388
+4 388
3538 46
3425 46
3538 276
3425 46
cfn=(676)
calls=46 3294 
* 4335
-1 388
5238 148
3433 148
5239 444
-1 296
+2 296
3489 55
+49 1332
5241 148
3441 296
+2 106
+1 212
+12 279
fi=(204)
153 279
fe=(203)
3464 372
+1 186
1326 186
+19 558
3475 186
+31 186
+2 558
cfn=(1792)
calls=93 4914 
* 14937
* 93
+1 465
fi=(204)
153 372
fe=(203)
3509 186

fl=(263) ./stdio-common/./stdio-common/printf_buffer_to_file.c
fn=(1728) __printf_buffer_to_file_done
117 209
+1 627
-1 209
-64 209
+64 1254
-66 836
+2 627
+69 209
-1 209
+1 836
-1 209
cfi=(266)
cfn=(1734)
calls=209 -96 
* 3971
-56 418
cfn=(1716) __printf_buffer_to_file_switch
calls=209 -36 
* 2717
+1 209
-8 209
+1 209
fi=(317) ./stdio-common/../libio/libioP.h
1025 209
fe=(263)
58 209
+1 209
-1 209
fi=(317)
1025 418
+1 418
fe=(263)
59 418
cfi=(238)
cfn=(1668) _IO_file_xsputn@@GLIBC_2.2.5
calls=209 1198 
* 13088
* 418

fn=(1714) __printf_buffer_to_file_init
108 209
+1 209
fi=(267)
+18 209
fe=(263)
-18 209
fi=(267)
+28 209
-9 209
+9 209
-13 209
fe=(263)
-13 209
fi=(267)
+13 209
fe=(263)
-12 209
cfn=(1716)
calls=209 -83 
* 2717

fn=(1716)
29 418
+1 2090
+10 418
+1 418
+3 1672
+1 418

fl=(119) ./string/../sysdeps/x86_64/multiarch/strncase_l.c
fn=(366) strncasecmp_l
31 1
fi=(114)
+6 2
-1 4
fe=(119)
-5 2
fi=(114)
+7 3
+3 2
+4 3
+3 4
fe=(119)

fl=(239) ./nptl/./nptl/libc-cleanup.c
fn=(1202) __libc_cleanup_push_defer
24 5
+1 5
+2 10
+2 10
+3 10
+14 15
+2 5
+1 5

fn=(1204) __libc_cleanup_pop_restore
54 5
+1 5
+2 10
+2 5
+1 15
+11 5

fl=(288) ./stdio-common/./stdio-common/printf.c
fn=(3054) printf
28 33
+4 1
+1 2
-1 1
+1 1
-1 2
+1 1
-1 2
+1 3
cfi=(262)
cfn=(1712)
calls=1 1522 
* 918
-5 3
+4 1
+1 2
-1 1
+1 1
-1 2
+1 1
-1 2
+1 3
cfi=(262)
cfn=(1712)
calls=1 1522 
* 847
+4 10

fl=(112) ./string/../sysdeps/x86_64/multiarch/strncmp.c
fn=(352) strncmp
67 4
-23 8
-1 16
+24 8
-22 12
+3 8
+4 12
+3 16

fl=(121) ./string/../sysdeps/x86_64/multiarch/memcmp.c
fn=(374) bcmp
29 2
fi=(122) ./string/../sysdeps/x86_64/multiarch/ifunc-memcmp.h
+5 10
+1 4
+1 4
+1 6
+3 4
+4 6
+3 8
fe=(121)
-18 4

fl=(282)
fn=(2566)
33 14
+2 10
+14 21
-9 4
cob=(4)
cfi=(181)
cfn=(572)
calls=1 -40 
* 26
* 3
+7 1
+1 1

fl=(81) ./string/../sysdeps/x86/cacheinfo.c
fn=(280) __x86_cacheinfo
86 1
fi=(82) ./string/../sysdeps/x86/cacheinfo.h
-27 1
+3 3
+2 1
+1 1
-1 2
+7 3
+2 1
+1 1
-1 2
+5 2
+2 2
+1 2
+1 2
+2 2
+2 2
fe=(81)

fl=(197) ./io/../sysdeps/unix/sysv/linux/read_nocancel.c
fn=(654) __read_nocancel
25 1
+1 4
+1 1

fl=(202) ./io/../sysdeps/unix/sysv/linux/close_nocancel.c
fn=(666) __close_nocancel
25 2
+1 8
+1 2

fl=(210) ./nptl/./nptl/pthread_self.c
fn=(710) pthread_self
23 1
+2 2

fl=(247) ./io/../sysdeps/unix/sysv/linux/fstat64.c
fn=(1238) fstat
30 2
+9 8
+33 2

fl=(182) ./nptl/../sysdeps/unix/sysv/linux/x86/elision-conf.c
fn=(574) __lll_elision_init
92 2
+4 1
-4 2
+4 2
-4 1
+4 1
-4 3
+4 1
cob=(4)
cfi=(181)
cfn=(572)
calls=1 -96 
* 26
+2 4
cob=(4)
cfi=(181)
cfn=(572)
calls=1 -98 
* 26
+2 4
cob=(4)
cfi=(181)
cfn=(572)
calls=1 0 
* 26
+2 4
cob=(4)
cfi=(181)
cfn=(572)
calls=1 0 
* 26
+2 4
cob=(4)
cfi=(181)
cfn=(572)
calls=1 0 
* 26
+3 3
+1 1
+1 6

fl=(85) ./string/../sysdeps/x86_64/multiarch/strpbrk.c
fn=(288) strpbrk
29 2
fi=(308)
+7 10
fe=(85)
-7 2

fl=(178) ./resource/../sysdeps/unix/sysv/linux/getrlimit64.c
fn=(566) getrlimit
38 2
+1 7
+1 1

fl=(216)
fn=(838)
24 126
+1 112
+3 14
cob=(4)
cfi=(181)
cfn=(840)
calls=14 -28 
* 224
+1 14
-1 14
+1 4620
+2 2296
+1 704
cob=(4)
cfi=(181)
cfn=(844) 0x000000000565e600
calls=176 -32 
* 5281
* 352
+5 126

fl=(234)
fn=(1176)
31 1
+2 1
+9 1
+1 2
+1 1
+4 1
+1 1
+1 1
+1 1
+1 1
+2 2
+2 1
+1 1
+1 1
+2 2
+2 1
+5 1
+1 1
+17 1
cfi=(235)
cfn=(1178)
calls=1 -57 
* 13

fl=(176)
fn=(562)
33 9
+2 1
cfi=(177)
cfn=(564)
calls=1 -6 
* 17
+3 1
fi=(179) ./elf/../sysdeps/nptl/pthread_early_init.h
-5 2
fe=(176)
+8 1
-3 1
+3 1
fi=(179)
-8 1
cfi=(178)
cfn=(566)
calls=1 +5 
* 10
* 3
+1 1
+4 5
+7 1
fi=(318) ./elf/../nptl/nptl-stack.h
+16 3
fi=(179)
-16 1
fi=(318)
+16 2
fi=(179)
-7 1
fi=(318)
+7 3
fi=(179)
-9 1
-6 1
+2 2
+4 4
+1 1
+3 1
cfi=(180)
cfn=(570)
calls=1 -1 
* 104
fe=(176)
-9 3
+2 2
-2 1
cfi=(182)
cfn=(574)
calls=1 +45 
* 169

fl=(185)
fn=(606)
46 6
+5 2
+4 5
+8 1
-2 1
+10 1
-9 1
+1 1
+9 3
-1 1
cfi=(186) ./misc/./misc/init-misc.c
cfn=(608) __init_misc
calls=1 -41 
* 50

fl=(188)
fn=(614)
545 1
+1 4
+1 3
+1 3
+2 1

fl=(192) ./posix/../sysdeps/unix/sysv/linux/x86/sysconf.c
fn=(642) sysconf
32 12
+1 3
fi=(193) ./posix/../sysdeps/unix/sysv/linux/x86/../sysconf.c
+16 10
fe=(192)
-12 10
fi=(194) ./posix/../sysdeps/posix/sysconf.c
+23 11
630 1
cfi=(195) ./misc/../sysdeps/unix/sysv/linux/getsysstats.c
cfn=(648) get_nprocs_conf
calls=1 230 
* 418
* 2
fe=(192)

fl=(254) ./string/../sysdeps/x86_64/multiarch/strcpy-avx2.S
fn=(1286) __strcpy_avx2
64 5
+1 5
+7 5
+1 5
+1 5
+1 5
+3 5
+2 5
+1 5
+1 5
+2 5
+1 5
+4 5
+2 5
+1 5
+9 5
+1 5
+2 5
+1 5
+6 5
+1 5
+2 5
+1 5
+1 5
+1 10
+4 5
+1 5

fl=(103) ./string/../sysdeps/x86_64/multiarch/strchr.c
fn=(330) index
65 3
-22 6
+1 3
-2 12
+2 6
+3 6
+4 9
+3 9
+11 3

fl=(89) ./string/../sysdeps/x86_64/multiarch/memset.c
fn=(296) memset
29 5
fi=(90) ./string/../sysdeps/x86_64/multiarch/ifunc-memset.h
+25 25
+3 15
+7 10
+9 10
+2 10
+10 10
+8 10
+3 25
fe=(89)

fl=(104) ./debug/../sysdeps/x86_64/multiarch/memset_chk.c
fn=(332) __memset_chk
29 3
fi=(105) ./debug/../sysdeps/x86_64/multiarch/ifunc-memset.h
+25 15
+3 9
+7 6
+9 6
+2 6
+10 6
+8 6
+3 15
fe=(104)

fl=(132) ./string/../sysdeps/x86_64/multiarch/stpcpy.c
fn=(410) stpcpy
33 2
fi=(118)
+5 4
+1 2
-1 4
+1 4
+3 4
+4 6
+3 6
fe=(132)
-16 2

fl=(123) ./wcsmbs/../sysdeps/x86_64/multiarch/wmemset.c
fn=(378) wmemset
31 2
fi=(124) ./wcsmbs/../sysdeps/x86_64/multiarch/ifunc-wmemset.h
+5 10
+1 6
fe=(123)
-6 2

fl=(120) ./string/../sysdeps/x86_64/multiarch/strchrnul.c
fn=(370) strchrnul
31 1
fi=(84)
+9 3
-2 4
fe=(120)
-7 2
fi=(84)
+10 2
+1 3
+3 2
+4 3
+3 5
fe=(120)

fl=(262)
fn=(1718)
600 15540
fi=(245) ./stdio-common/./stdio-common/printf-parse.h
82 1295
fe=(262)
600 2590
fi=(245)
82 1295
fe=(262)
600 1295
+27 3885
+11 1295
-11 1295
+11 1295
-11 1295
+11 2590
fi=(245)
82 1295
cob=(4)
cfi=(181)
cfn=(1720) 0x000000000565e590
calls=1295 -82 
* 27195
fe=(262)
653 2590
+1 1295
fi=(245)
82 2590
fe=(262)
654 1295
-1 1295
cfi=(264)
cfn=(1724)
calls=1295 27 
* 24673
+2 3885
+4 2590
+4 10360
-32 1295
973 1295
642 1295
973 2590
634 1295
+71 5180
1044 14245
705 2590
-13 1295
+7 1295
+6 2590
-14 1295
-4 1295
+18 1295
-10 1295
+10 1295
-7 1295
-4 1295
+11 2590
-19 1295
-1 1295
+20 1295
-12 1295
-9 1295
-1 1295
+22 1295
-15 2590
891 2
+82 2
+3 34
+20 11
+1 1
263 1
+1 1
997 1
744 1
264 2
744 1
263 2
1024 1295
fi=(245)
82 1295
fe=(262)
1018 1295
fi=(245)
82 2590
cob=(4)
cfi=(181)
cfn=(1720)
calls=1295 -82 
* 27195
fe=(262)
1028 2590
+1 1295
fi=(245)
82 1295
fe=(262)
1029 1295
-1 1295
cfi=(264)
cfn=(1724)
calls=1295 27 
* 27493
+3 2590
fi=(265) ./stdio-common/./stdio-common/vfprintf-process-arg.c
501 3932
cfi=(264)
cfn=(1724)
calls=983 27 
* 33815
+1 983
-11 983
-88 7864
+19 1966
-14 1966
+47 2949
+6 1743
fi=(267)
163 1162
fi=(265)
422 3932
+8 1966
fe=(262)
784 72
fi=(265)
126 144
+1 504
+74 72
92 72
+1 72
+1 72
201 144
-65 622
+19 4043
cfi=(268) ./stdio-common/./stdio-common/_itoa.c
cfn=(1740) _itoa_word
calls=311 +14 
* 7775
+11 622
-11 622
+11 1244
-5 2488
+25 1555
+15 622
-4 933
+2 933
+2 622
+7 311
-2 622
+2 933
+3 622
+13 622
fi=(267)
-61 622
fi=(265)
+70 622
+3 622
136 311
+2 622
fe=(262)
876 311
-5 2799
-1 311
+1 2488
+12 72
fi=(265)
66 72
+1 311
-18 239
-1 478
+1 1673
201 717
58 478
-23 239
+22 478
161 311
+9 622
+17 311
+8 311
-8 311
+12 311
-12 311
+8 1244
-8 1866
+53 1244
cfi=(264)
cfn=(1724)
calls=311 27 
* 17416
* 311
fe=(262)
+26 1
cfi=(289)
cfn=(3058)
calls=1 1099 
* 219
1001 1
fi=(267)
163 622
fi=(265)
435 1966
cob=(4)
cfi=(181)
cfn=(840)
calls=983 0 
* 15728
* 1966
fe=(262)

fn=(1712)
1522 2717
+3 1045
+4 1045
+11 418
+27 2299
-42 418
+18 836
cfi=(263)
cfn=(1714)
calls=209 108 
* 5016
+1 1045
cfn=(1718)
calls=209 600 
* 62341
+1 418
cfi=(263)
cfn=(1728)
calls=209 117 
* 28763
* 209

fl=(281)
fn=(2564)
47 2
+3 4
-3 12
+6 4
+5 12
+2 8
-7 10

fl=(186)
fn=(608)
30 1
+1 2
-1 4
+1 4
+2 3
cob=(4)
cfi=(181)
cfn=(610) 0x000000000565e660
calls=1 -33 
* 24
+4 5
+1 3
+2 4

fl=(260) ./string/../sysdeps/x86_64/multiarch/strncpy-avx2.S
fn=(1706) __strncpy_avx2
54 983
+18 983
+3 983
+3 712
+1 712
+1 712
+1 712
+1 712
+3 712
+1 712
+1 712
+4 712
+7 712
+2 712
531 712
+2 712
+1 712
+1 712
+2 712
+1 712
+1 712
+28 712
+1 712
+42 712
+1 712
+1 712
+1 478
+1 478
+1 478
+1 478
+17 478
+2 478
-2 234
+2 234
+5 271
+1 271

fl=(252)
fn=(1262)
33 4
+1 8
cfn=(1264) _IO_getline_info
calls=4 +15 
* 406

fn=(1264)
49 60
+2 8
+2 12
+2 16
+28 4
+2 8
-2 8
+2 4
cob=(4)
cfi=(181)
cfn=(656) 0x000000000565e480
calls=4 -85 
* 84
* 4
+1 8
-29 12
+1 8
+30 8
+1 8
-1 4
+2 12
+2 4
+2 8
fi=(319) ./libio/../string/bits/string_fortified.h
-65 20
cob=(4)
cfi=(181)
cfn=(1266)
calls=4 -29 
* 62
fe=(252)
+68 4
+1 4
-1 4
+10 32

fl=(295) ./nptl/./nptl/pthread_mutex_unlock.c
fn=(3086) pthread_mutex_unlock@@GLIBC_2.2.5
367 1
51 3
+1 2
367 3
57 2
+8 1
-3 1
-23 1
+1 4
+1 1
+29 1
+2 1
369 2
74 2
+6 4
+4 3
+3 2

fl=(204)
fn=(680)
262 1
fi=(205) ./malloc/../sysdeps/unix/sysv/linux/not-cancel.h
97 3
fe=(204)
262 7
+5 1
fi=(205)
97 3
fi=(203)
3143 2
fe=(204)
292 2
+4 3
fi=(203)
1946 4
+3 1
-3 1
+3 2
-3 2
+3 126
-3 126
+3 252
-3 252
+11 1
fe=(204)
300 3
fi=(203)
1958 1
+2 1
fe=(204)
300 1
cob=(4)
cfi=(181)
cfn=(572)
calls=1 0 
* 25
+1 4
cob=(4)
cfi=(181)
cfn=(572)
calls=1 0 
* 26
+1 4
cob=(4)
cfi=(181)
cfn=(572)
calls=1 0 
* 25
+1 4
cob=(4)
cfi=(181)
cfn=(572)
calls=1 0 
* 25
+1 4
cob=(4)
cfi=(181)
cfn=(572)
calls=1 0 
* 26
+1 4
cob=(4)
cfi=(181)
cfn=(572)
calls=1 0 
* 25
+1 4
cob=(4)
cfi=(181)
cfn=(572)
calls=1 0 
* 25
+2 4
cob=(4)
cfi=(181)
cfn=(572)
calls=1 0 
* 25
+1 4
cob=(4)
cfi=(181)
cfn=(572)
calls=1 0 
* 25
+1 4
cob=(4)
cfi=(181)
cfn=(572)
calls=1 0 
* 25
+3 4
cob=(4)
cfi=(181)
cfn=(572)
calls=1 0 
* 25
+1 4
cob=(4)
cfi=(181)
cfn=(572)
calls=1 0 
* 25
+2 2
+10 8

fl=(270) ./libio/./libio/putchar.c
fn=(1752) putchar
25 99
+2 44
-2 11
+3 44
fi=(248)
979 22
+1 88
fe=(270)
31 77
-4 55
+1 22
cfi=(237)
cfn=(1680) __overflow
calls=11 199 
* 1859
* 11
-1 55

fl=(83) ./string/../sysdeps/x86_64/multiarch/strnlen.c
fn=(284) strnlen
31 3
fi=(84)
+9 9
-2 12
fe=(83)
-7 6
fi=(84)
+10 6
+1 9
+3 6
+4 9
+3 15
fe=(83)

fl=(237)
fn=(1194)
563 11
+1 1
cfn=(1196) _IO_old_init
calls=1 -33 
* 25
+1 1
+1 2
+2 1
+4 1
+7 1
+2 1
-9 5
+15 1
+1 6

fn=(1642)
53 2
+1 4
+28 2
cfn=(1644) __GI__IO_un_link.part.0
calls=1 -30 
* 100

fn=(1644)
52 4
+6 1
-6 2
+6 1
-6 4
+6 4
cfi=(239)
cfn=(1202)
calls=1 -34 
* 13
+1 7
+2 1
-1 1
+1 10
+4 2
+9 2
+2 6
+3 2
cfi=(239)
cfn=(1204)
calls=1 -25 
* 9
+3 9
-19 1
-2 2
+2 2
+13 3
+2 1
-2 1
+1 1
+1 5
-12 3
-7 3

fn=(1196)
531 1
+3 1
-2 1
+2 1
+5 1
-7 1
+2 1
+10 1
-10 1
+16 1
-11 1
-5 1
+16 1
-16 1
+21 1
-16 5
+16 2
+1 2
+2 1

fn=(3294) _IO_flush_all
686 5
+5 1
-5 1
+5 1
-5 6
+5 4
cfi=(239)
cfn=(1202)
calls=1 24 
* 13
+1 6
-5 1
fi=(248)
1025 2
fe=(237)
708 33
+1 3
-14 9
+2 3
+1 27
+2 21
+13 7
+1 2
cfi=(239)
cfn=(1204)
calls=1 54 
* 9
+4 12
-20 9
-6 2
-5 2
+8 1
-3 1
+3 2

fn=(1648) _IO_unsave_markers
937 6
+2 2
+5 3
+2 3

fn=(1662) _IO_default_finish
601 6
+2 3
+6 3
+3 3
54 2
624 3

fn=(1200) _IO_link_in
87 14
+1 10
+18 18
-16 1
+2 3
-2 1
+2 4
cfi=(239)
cfn=(1202)
calls=1 -68 
* 13
+1 7
+10 2
cfi=(239)
cfn=(1204)
calls=1 -49 
* 9
+3 1
-11 5
+2 1
-2 1
+3 1
-3 1
+2 1
+3 4
+2 1
-2 1
+1 1
+1 5
-9 2
+1 1
+1 2

fn=(1226) __uflow
299 5
+1 1
-1 1
+1 2
+5 3
+3 1
173 1
308 2
+2 2
+6 2
+7 1
fi=(248)
1025 3
+1 2
fe=(237)
323 2
+1 3
-1 1
cfn=(1228) _IO_default_uflow
calls=1 +38 
* 420
-23 2
+21 3

fn=(1232) _IO_doallocbuf
343 2
+1 4
-1 14
+3 6
+1 2
fi=(248)
1025 6
+1 4
fe=(237)
347 4
cfi=(246)
cfn=(1234)
calls=2 78 
* 1918
* 4
+3 12

fn=(1244) _IO_switch_to_get_mode
164 6
+1 3
+3 3
+4 2
+1 2
+7 1
-4 1
+4 1
-2 2
+3 1
+1 4

fn=(1250) _IO_sputbackc
635 49
+3 21
+1 14
+9 7
+3 35
-10 14
+1 7
+5 7

fn=(3292)
842 6
-66 1
+66 6
+1 1
cfn=(3294)
calls=1 686 
* 183
-67 2
+67 1
-67 3
cfi=(239)
cfn=(1202)
calls=1 24 
* 13
+1 6
fi=(248)
1025 1
fe=(237)
785 1
-1 1
+1 4
-1 2
+1 25
+9 6
+2 4
+4 1
-2 1
+3 1
-3 1
+2 2
+5 1
fi=(248)
1025 2
+1 2
fe=(237)
805 4
cfi=(238)
cfn=(3298) _IO_file_setbuf@@GLIBC_2.2.5
calls=1 382 
* 87
+2 3
+9 1
-2 1
+2 2
-2 1
+2 2
+1 3
-37 9
+41 7
+1 2
cfi=(239)
cfn=(1204)
calls=1 54 
* 9
+33 12
-78 2
+39 24
-2 1
+2 1
-31 6
+7 7
-15 1
+3 2
-3 1
+3 2

fn=(1678) _IO_default_xsputn
371 11
+3 4
fi=(248)
1025 1
fe=(237)
373 2
+26 20
fi=(248)
1025 12
+1 12
fe=(237)
399 24
cfi=(238)
cfn=(1670) _IO_file_overflow@@GLIBC_2.2.5
calls=6 732 
* 234
* 12
+2 6
-2 6
-20 28
-4 1
+29 8

fn=(3300) _IO_default_setbuf
452 8
fi=(248)
1025 1
fe=(237)
452 1
+1 1
-1 1
fi=(248)
1025 2
+1 2
fe=(237)
453 2
cfi=(238)
cfn=(3302) _IO_file_sync@@GLIBC_2.2.5
calls=1 793 
* 21
* 2
+4 1
330 1
462 1
-7 2
332 1
466 1
337 1
-4 1
+4 1
467 1
-1 3
+2 6
-11 1
+1 2
-1 1
330 4

fn=(1228)
361 2
fi=(248)
1025 1
fe=(237)
361 3
+1 1
-1 1
fi=(248)
1025 2
+1 2
fe=(237)
362 2
cfi=(238)
cfn=(1230) _IO_file_underflow@@GLIBC_2.2.5
calls=1 462 
* 396
+1 2
+2 4
+1 4

fn=(1240)
329 33
+1 14
+5 6
-3 3
+3 6
-2 3
+2 6
+3 18
-7 1
cob=(4)
cfi=(181)
cfn=(1652)
calls=1 0 
* 170
+4 2

fn=(1680)
199 65
+2 39
+2 13
fi=(248)
1025 39
+1 26
fe=(237)
203 13
+1 26
-1 13
cfi=(238)
cfn=(1670)
calls=13 732 
* 1963

fl=(106) ./string/../sysdeps/x86_64/multiarch/strrchr.c
fn=(336) rindex
28 2
fi=(84)
+12 6
-2 8
fe=(106)
-10 4
fi=(84)
+13 4
+1 6
+3 4
+4 6
+3 10
fe=(106)

fl=(133) ./string/../sysdeps/x86_64/multiarch/memmove.c
fn=(414) memmove
29 3
fi=(99)
+28 9
-1 6
+4 9
+14 6
+3 6
+8 6
+8 6
+3 15
fe=(133)

fl=(244)
fn=(1222)
278 13
+10 5
+1 1
fi=(250) ./stdio-common/../include/scratch_buffer.h
78 1
fe=(244)
289 1
fi=(250)
77 2
fe=(244)
339 1
fi=(250)
77 1
fe=(244)
339 4
+6 4
+3 4
+4 1
+20 2
-20 1
+13 1
-6 1
+8 2
-8 1
+8 1
+5 2
-5 1
+5 3
cfi=(239)
cfn=(1202)
calls=1 24 
* 13
* 3
+9 1
fi=(311)
59 1
fe=(244)
381 3
-49 1
-48 1
-1 1
+10 1
-11 1
+46 1
-1 1
-1 1
-1 1
-12 1
-30 2
419 12
+24 12
+1 12
+3 15
-66 24
3095 10
+3 14
+1 10
-1 7
223 3
-17 3
+17 3
-1 3
489 3
222 6
489 6
222 3
489 6
372 7
483 3
fi=(245)
55 18
fe=(244)
506 15
-63 3
+6 6
3105 10
cfi=(239)
cfn=(1204)
calls=1 54 
* 9
fi=(250)
85 4
fe=(244)
3109 2
+17 2
+6 12
660 6
+4 6
+1 12
+4 3
+1 9
-1 3
+1 21
+6 27
+3 8
-3 4
+3 18
-3 1
+3 4
-3 10
+4 24
+1 15
+4 9
-4 9
cfi=(237)
cfn=(1250)
calls=3 -46 
* 66
+4 36
530 3
+3 27
665 3
+11 2
cfi=(237)
cfn=(1226)
calls=1 299 
* 457
* 3
3105 3
372 3
546 9
+8 3
-21 6
1450 18
+5 3
-5 3
+5 6
+9 21
1813 12
+9 3
fi=(250)
113 12
fe=(244)
1822 6
fi=(250)
113 9
fe=(244)
1815 12
+5 27
260 6
1877 3
260 6
+3 9
1879 12
+2 27
-68 18
231 3
1884 6
206 3
1891 6
214 6
1892 6
+28 21
cfi=(237)
cfn=(1250)
calls=3 635 
* 66
* 9
260 6
+3 9
1924 6
1742 6
1942 6
206 3
1742 6
1941 9
+1 3
cfi=(199)
cfn=(1252)
calls=3 107 
* 318
* 6
+6 9
+3 15
+6 3
-4 6
+4 6
+1 9
+13 27
+9 6
1822 15
1498 6
+3 6
+97 12
1813 6
1501 6
1893 6
+1 6
3100 7
cfi=(237)
cfn=(1250)
calls=1 635 
* 22
* 2
1442 6
-1 6

fl=(230) ./csu/../csu/libc-start.c
fn=(1152) __libc_start_main@@GLIBC_2.34
242 13
+69 3
+1 3
cfi=(231)
cfn=(1154)
calls=1 67 
* 72
+25 6
+6 2
-3 2
+10 2
cob=(4)
cfi=(181)
cfn=(1168) 0x000000000565e7b0
calls=1 0 
* 7
+2 2
+8 4
cfi=(232)
cfn=(1172)
calls=1 29 
* 11207842
128 2
+6 3
+1 6
cob=(4)
cfi=(181)
cfn=(1158) 0x000000000010b000
calls=1 0 
* 7
* 1
+3 1
+1 2
+3 2
+1 2
-1 1
+2 7
+1 4
cob=(13)
cfi=(229)
cfn=(1162) 0x0000000000003d00
calls=1 0 
* 12
-1 4

fl=(238)
fn=(1206)
213 12
+9 2
+2 6
+23 6
357 12
-76 4
cfn=(1208) _IO_file_open
calls=1 -99 
* 95
* 1
+3 2
+3 3
cfi=(241)
cfn=(1212)
calls=1 77 
* 59
* 1
+1 2
-74 1
+13 1
+1 2
+19 6

fn=(1660)
168 5
+1 1
-1 1
+1 1
+6 2
+1 3
-1 1
cfi=(237)
cfn=(1662)
calls=1 601 
* 20

fn=(1208)
182 2
+3 1
-3 10
+2 2
+4 1
cfi=(240)
cfn=(1210)
calls=1 30 
* 36
* 1
+1 2
+3 2
+3 1
-4 1
+1 3
+3 1
-3 1
+3 1
+10 2
cfi=(237)
cfn=(1200)
calls=1 87 
* 21
+1 1
+1 6

fn=(1684) _IO_file_write@@GLIBC_2.2.5
1174 120
+2 60
-1 30
+6 15
cfi=(258) ./io/../sysdeps/unix/sysv/linux/write.c
cfn=(1686) write
calls=15 25 
* 120
+1 30
+5 15
+1 15
-12 30
+4 45
+1 30
+10 45
+3 90
-4 45

fn=(1246) _IO_file_read
1131 1
+3 1
-1 1
+1 2
cfi=(249) ./io/../sysdeps/unix/sysv/linux/read.c
cfn=(1248) read
calls=1 25 
* 8

fn=(3298)
382 6
+1 1
cfi=(237)
cfn=(3300)
calls=1 +69 
* 69
* 2
+3 1
+4 2
-2 3
+3 3

fn=(3302)
793 7
+5 4
+2 1
+1 2
+11 2
+4 5

fn=(1670)
732 176
+1 88
+7 108
+37 21
-2 42
+3 38
+3 57
+1 57
+1 76
+4 19
+1 114
-45 2
+12 2
+9 3
+5 3
+2 2
-5 1
+5 1
+1 1
-5 1
+1 1
+4 2
-7 1
+10 2
+13 3
-12 3
+1 3
+11 12
-12 3
cfn=(1676) _IO_do_write@@GLIBC_2.2.5
calls=3 424 
* 215
+9 26
-1 13
+1 13
-1 13
cfn=(1676)
calls=13 424 
* 1365
* 26
-12 2
+1 2
-28 2
cfi=(237)
cfn=(1232)
calls=1 343 
* 1683
+1 1
+9 1
-9 5

fn=(1230)
462 1
+4 3
-4 9
+7 2
+6 3
+3 2
fi=(248)
1025 1
fe=(238)
506 2
cfi=(237)
cfn=(1244)
calls=1 164 
* 26
+6 1
+5 1
-5 1
fi=(248)
1025 2
fe=(238)
512 1
fi=(248)
1025 1
fe=(238)
512 3
fi=(248)
1026 2
fe=(238)
517 4
cfn=(1246)
calls=1 1131 
* 13
+2 2
+16 1
-9 1
+9 2
+2 2
+1 8
-57 3
+5 2
cfi=(237)
cfn=(1232)
calls=1 343 
* 293
+4 4

fn=(1236)
1147 2
+1 4
cfi=(247)
cfn=(1238)
calls=2 30 
* 12

fn=(1668)
1198 1477
+7 211
-7 422
+6 724
+9 302
-2 604
+17 3
+1 148
+5 148
+2 296
+2 148
-4 148
+2 148
+2 148
-1 148
-1 148
cob=(4)
cfi=(181)
cfn=(1730) 0x000000000565e430
calls=148 0 
* 2997
-2 2
+2 4
+2 2
-4 2
+2 2
+2 2
-1 2
-1 2
cob=(4)
cfi=(181)
cfn=(1730)
calls=2 0 
* 32
+2 150
-2 150
+4 300
+28 1899
-55 150
+4 150
-4 150
+1 300
-14 1
+44 1
fi=(248)
1025 3
+1 2
fe=(238)
1244 2
fi=(248)
1025 6
+1 4
fe=(238)
1244 9
cfn=(1670)
calls=3 732 
* 2012
* 6
+6 6
+1 15
+2 9
+11 6
+1 4
cfi=(237)
cfn=(1678)
calls=1 371 
* 381
+2 3
-48 594
-2 840
446 4
1221 2
+11 6
444 4

fn=(1676)
424 16
+2 48
+1 1
-3 45
fi=(248)
1025 15
fe=(238)
424 120
+20 15
-10 30
+7 60
fi=(248)
1025 30
+1 30
fe=(238)
449 60
cfn=(1684)
calls=15 1174 
* 690
* 15
+1 45
+2 15
+4 30
-3 30
-1 30
+4 30
-30 30
+28 15
-28 30
+1 120
+28 30

fn=(1650) _IO_file_close
1165 1
+3 2
cfi=(202)
cfn=(666)
calls=1 25 
* 6

fn=(1198)
106 6
+5 1
-1 1
+3 1
cfi=(237)
cfn=(1200)
calls=1 -26 
* 89
+1 1
+1 3

fn=(1646)
128 7
+2 3
+4 2
+3 1
-3 1
-1 2
+6 1
+3 1
-3 1
cfi=(237)
cfn=(1648)
calls=1 937 
* 14
+3 3
fi=(248)
1025 3
+1 2
fe=(238)
142 2
cfn=(1650)
calls=1 1165 
* 9
* 1
+3 3
+8 5
cfi=(237)
cfn=(1240)
calls=1 329 
* 204
+1 1
+3 1
-3 3
+3 1
cfi=(237)
cfn=(1642)
calls=1 53 
* 4
+5 1
-4 1
+1 1
+3 1
-2 1
+3 7

fl=(195)
fn=(648)
230 2
+1 1
-1 1
+1 1
cfn=(650) read_sysfs_file
calls=1 -92 
* 409
+1 2
+5 2

fn=(650)
139 1
+9 1
-9 11
+9 1
cfi=(196)
cfn=(652)
calls=1 28 
* 27
* 1
+3 2
+39 12
72 5
cfi=(197)
cfn=(654)
calls=1 -47 
* 6
* 1
+1 2
+5 2
-2 1
+2 2
cob=(4)
cfi=(181)
cfn=(656)
calls=1 -78 
* 21
+1 2
fi=(201) ./misc/../sysdeps/unix/sysv/linux/not-cancel.h
-4 2
cfi=(202)
cfn=(666)
calls=1 -50 
* 6
+1 1
fe=(195)
+29 2
+45 3
+28 3
+3 3
-1 1
+1 2
+3 2
-26 4
cfi=(199)
cfn=(660)
calls=1 -33 
* 123
+1 1
-1 1
+1 2
+7 2
+2 1
+1 4
cfi=(199)
cfn=(660)
calls=1 -44 
* 139
+1 3
+7 3
-75 1
+1 2

fl=(297) ./stdlib/./stdlib/cxa_finalize.c
fn=(3098) __cxa_finalize
30 20
+3 20
-3 80
+3 50
+3 40
+4 70
-4 30
+57 40
+4 60
-4 30
+12 20
cfi=(298)
cfn=(3100)
calls=10 -23 
* 200
+1 40
+1 80

fl=(92) ./debug/../sysdeps/x86_64/multiarch/mempcpy_chk.c
fn=(304) __mempcpy_chk
29 1
fi=(93)
+28 3
-1 2
+4 3
+14 2
+3 2
+8 2
+8 2
+3 5
fe=(92)

fl=(217) ./string/../sysdeps/x86_64/multiarch/strlen-avx2.S
fn=(842) __strlen_avx2
52 1758
+13 1758
+1 1758
+1 1758
+3 1758
+2 1758
+1 1758
+3 1758
+1 1758
+8 1758
+1 1758
+1 1758
+5 3516

fl=(268)
fn=(1740)
169 311
+3 1244
+2 622
+9 4976
+9 622

ob=(1)
fl=(2)
fn=(66)
fi=(3)
87 1
+1 4
+1 5
+1 5
+1 5
+12 2
+7 1
-7 7
+7 2
fe=(2)
1743 4
2357 1
cfi=(169)
cfn=(538)
calls=1 561 
* 1942
+5 3
cfi=(7)
cfn=(546) __rtld_malloc_init_real
calls=1 76 
* 3339
+3 1
cfi=(173)
cfn=(554)
calls=1 30 
* 503
85 1
2371 1
+1 3
85 3
2372 2
cfi=(77)
cfn=(262)
calls=1 207 
* 2173
92 3
+9 3
2687 2
+2 1
+1 1
-1 1
+1 1
+1 1
2040 2
cfn=(246)
calls=1 734 
* 988
* 2
2650 2
+2 2
+1 1
fi=(3)
62 4
+2 4
fe=(2)
1943 10
85 1
1842 2
85 3
1842 2
cfn=(154) handle_preload_list
calls=1 869 
* 3098
* 1
92 3
+9 3
1943 6
+1 1
-1 1
+4 3
+1 1
+1 2
+1 2
-7 2

fn=(154)
869 11
+5 1
-5 2
+5 2
-4 3
+7 3
cfi=(49) ./string/../string/strcspn.c
cfn=(156) strcspn
calls=1 32 
* 254
* 1
+1 3
+9 1
183 1
889 2
183 2
891 2
-80 1
+5 1
-6 1
-4 1
+10 2
-6 1
+4 1
+2 2
-5 1
+1 1
+4 1
cfi=(50)
cfn=(158) _dl_catch_error
calls=1 254 
* 2754
+1 3
+8 3
+67 1
-18 2
+21 9
-15 4
cfi=(29)
cfn=(82)
calls=1 210 
* 19
+1 2

fn=(2) _dl_start
517 16
85 1
547 4
85 1
543 1
fi=(6)
55 1
fe=(2)
+30 1
546 1
85 1
fi=(3)
-40 1
fe=(2)
546 1
fi=(3)
45 2
+23 18
-23 72
+4 36
+3 5
-1 10
+3 20
+1 16
+1 5
fi=(4) ./elf/../sysdeps/generic/ldsodefs.h
+23 1
fi=(3)
+31 1
-38 3
+12 4
+1 3
+1 4
+1 4
+1 5
+1 3
+1 4
+1 4
+12 7
+7 2
-51 4
+64 3
+6 3
+1 3
+3 2
+1 3
+5 5
+3 5
fe=(2)
563 154
fi=(4)
79 1
fe=(2)
563 1
fi=(4)
79 2
fe=(2)
563 27
fi=(6)
287 3
fi=(5) ./elf/./elf/do-rel.h
49 1
fe=(2)
563 1
fi=(5)
50 1
-1 2
+4 1
-3 1
+3 4
+3 2
-7 1
fe=(2)
563 1
fi=(5)
50 1
-1 2
+4 1
-3 1
+3 4
+3 2
+7 3
+2 3
-2 6
fi=(6)
278 3
fi=(5)
64 6
fi=(6)
278 6
+9 24
+3 6
+1 6
+26 8
+6 2
fi=(5)
61 13
fe=(2)
563 6
fi=(5)
51 1
fi=(4)
+28 2
fi=(3)
-17 4
+2 4
fe=(2)
565 1
+13 1
cfi=(7)
cfn=(12) __rtld_malloc_init_stubs
calls=1 42 
* 10
458 2
85 1
476 2
85 3
476 1
cfi=(8)
cfn=(14)
calls=1 25 
* 27
+2 1
+16 2
-17 1
+11 1
-10 1
+16 1
cfi=(9)
cfn=(16)
calls=1 102 
* 1304766
* 1
+2 2
+89 9
fi=(3)
103 3
fe=(2)

fn=(164) map_doit
641 2
+2 1
-2 4
+2 1
+1 2
-1 2
+1 3
cfi=(30)
cfn=(166)
calls=1 1967 
* 2643
* 1
+2 3

fl=(57)
fn=(182)
47 48
+3 96
-3 288
+6 96
+5 288
+2 192
-7 95

fl=(55)
fn=(178)
30 11
+9 44
+33 11

fl=(293)
fn=(3082)
26 5
+17 1
-17 6
+20 13
+3 2
cob=(2)
cfi=(294) ./nptl/./nptl/pthread_mutex_lock.c
cfn=(3084) pthread_mutex_lock@@GLIBC_2.2.5
calls=1 +28 
* 44
+2 1
+3 2
+2 5
+7 3
-2 1
+2 1
cfi=(48)
cfn=(578)
calls=1 -22 
* 11
+5 15
+5 1
-5 1
+5 3
+2 24
+2 24
+2 24
+1 12
+1 12
+4 12
-12 36
+14 6
+1 4
+6 6
cfi=(13)
cfn=(232)
calls=1 298 
* 931
+9 2
cob=(2)
cfi=(295)
cfn=(3086)
calls=1 367 
* 34
+5 6
+2 1
+2 2
-2 11
+2 22
+2 48
cfi=(296) ./elf/./elf/dl-call_fini.c
cfn=(3088) _dl_call_fini
calls=12 -90 
* 2493
+3 24
cfi=(48)
cfn=(3114) _dl_audit_objclose
calls=12 -20 
* 60
-9 24
+14 12
-14 36
+18 3
cfi=(48)
cfn=(578)
calls=1 -85 
* 11
* 2
+6 4
+2 1
-2 2
+6 2
+7 8
-77 2

fl=(15)
fn=(34)
37 1
+2 3
+2 1
cfi=(16)
cfn=(36)
calls=1 682 
* 7344

fn=(558) __x86_cpu_features
71 1
-32 3
+32 2

fl=(140)
fn=(436) mprotect
117 60
+5 12

fn=(582)
117 5
+5 1

fl=(191)
fn=(638)
46 429
+2 195
+1 39
+6 39
fi=(320) ./elf/../sysdeps/x86_64/dl-runtime.h
-27 39
fe=(191)
+21 39
+5 39
+1 39
-6 39
+6 78
+1 39
+2 39
-2 39
+2 39
-2 195
+7 78
+4 78
+4 39
-2 39
+2 78
+4 117
+1 156
+1 117
-8 6
+16 6
-1 6
+1 45
-1 33
+1 66
+10 390
cfi=(78) ./elf/./elf/dl-lookup.c
cfn=(270) _dl_lookup_symbol_x
calls=39 772 
* 33595
* 39
+4 195
+10 390
+15 156
+9 117
+26 117
fi=(6)
+75 39
fe=(191)
-71 312
fi=(214) ./elf/../sysdeps/x86_64/dl-irel.h
32 4
cob=(2)
cfi=(98)
cfn=(320)
calls=1 -3 
* 22
cob=(2)
cfi=(89)
cfn=(296)
calls=1 -3 
* 24
cob=(2)
cfi=(104)
cfn=(332)
calls=1 -3 
* 24
cob=(2)
cfi=(112)
cfn=(352)
calls=1 +35 
* 21
fe=(191)
+93 8

fl=(78)
fn=(270)
772 7812
+3 1302
-3 3906
+3 1302
-3 5208
fi=(79) ./elf/../sysdeps/generic/dl-new-hash.h
74 1302
+3 2604
-8 1302
+1 2604
+10 1302
+1 2604
-1 8941
+1 17882
+20 9649
-2 9649
+6 9649
-3 19298
+2 9649
-30 9649
+3 19298
fe=(78)
774 1302
+1 1302
+3 1302
-4 1302
+1 1302
+7 3598
+5 1302
-2 1302
+2 1302
-2 1302
+6 18393
+1 18228
cfn=(274) do_lookup_x
calls=1302 347 
* 676145
* 3906
+28 1302
-23 3906
+23 1302
-23 2604
+24 7598
+7 1269
-7 1269
+35 5076
+34 5076
-20 3807
+3 2538
-57 1302
+76 11718
fi=(79)
87 594
+1 594
+1 1188
+1 594
fe=(78)
871 2
-72 198
+18 99
+11 132

fn=(276) check_match
70 19560
+3 7804
+13 1294
-13 1294
+13 1294
-13 1294
+13 3882
+3 5720
cfi=(32)
cfn=(94)
calls=783 +9 
* 39537
* 1566
+4 1294
+1 2588
+2 1044
+19 1044
+1 4176
+2 50
+43 1269
+1 10432
-18 1544
+2 1544
+1 772
-1 1544
+1 2316
-1 1544
-68 50
+39 1491
cfi=(32)
cfn=(94)
calls=497 -19 
* 21141
* 994
-44 44
+5 20

fn=(274)
347 11718
+1 1302
-1 5208
+6 1302
-6 1302
+65 1302
-58 1302
+11 1302
+50 1302
-3 2604
+3 2604
-50 1302
+50 5208
-19 26142
+8 8714
-4 8714
+1 8714
+3 34856
+1 17428
+3 8714
-3 8714
+4 17428
+4 17428
-2 8714
+5 34856
+3 60998
+99 22335
358 17428
+3 17428
+4 17428
+21 17428
+4 17428
+71 10152
fi=(4)
139 2538
+1 3807
fe=(78)
476 2538
fi=(80) ./elf/../sysdeps/generic/dl-protected.h
29 5076
fe=(78)
483 9524
+16 2538
+1 1269
+22 1269
-21 1269
+21 8883
-99 4617
-1 3078
+2 3078
+2 1475
+6 5900
-6 1475
+6 10325
+7 4881
-10 14480
+2 1304
+1 3912
-1 1304
+1 2608
-1 1304
+1 1304
+1 1304
-1 1304
+1 1304
-1 9128
cfn=(276)
calls=1304 70 
* 138146
+4 3912
+3 70
+31 1648
+52 33
-1 33
+1 231
-35 471

fl=(54)
fn=(174)
25 10
+1 40
+1 10

fl=(49)
fn=(156)
32 6
+1 3
+1 2
+5 6
+1 4
+1 4
+1 4
+2 1
+3 3
+1 2
-1 6
+1 4
+3 4
+1 4
+1 4
+1 4
+2 3
+6 1
-1 1
+1 1
+2 2
-1 2
+2 1
+2 6
-5 12
-1 12
+1 12
+2 24
-1 24
+2 12
+2 72
+2 1
+1 4
+1 3

fl=(52)
fn=(216)
36 2
+3 1
-3 7
+3 1
-3 2
+3 1
cfi=(53)
cfn=(172)
calls=1 -11 
* 20
+1 2
+23 8
-21 4
cfi=(55)
cfn=(178)
calls=1 -12 
* 6
* 2
+2 2
+3 2
+13 2
cfi=(62)
cfn=(194)
calls=1 -35 
* 6
* 1
-11 6
cfi=(57)
cfn=(182)
calls=1 -2 
* 26
* 2

fn=(168)
68 2163
+1 618
cfi=(32)
cfn=(94)
calls=309 +29 
* 9429
* 618
+3 309
+2 618
+6 308
-6 616
+1 1020
cfi=(32)
cfn=(94)
calls=340 +23 
* 11157
* 680
+8 32
-13 32
+13 373
-1 277
+1 831

fl=(7)
fn=(550) lookup_malloc_symbol
61 8
+3 4
-3 12
+3 4
-3 12
+3 4
-3 4
+2 4
+1 16
cfi=(78)
cfn=(270)
calls=4 772 
* 3056
+4 28
+1 28
+2 4
fi=(172) ./elf/./dl-sym-post.h
-30 8
+12 12
fe=(7)
+19 24

fn=(12)
42 1
+1 2
+1 2
+1 2
+1 2
+1 1

fn=(546)
76 2
+10 1
fi=(171) ./elf/../sysdeps/generic/dl-hash.h
-41 1
-1 1
fe=(7)
+32 8
+11 1
-1 1
fi=(171)
-43 1
+5 3
+14 4
-17 3
+3 15
+14 20
-17 15
fe=(7)
+46 2
fi=(171)
-24 1
fe=(7)
+22 1
+2 2
fi=(171)
-19 1
fe=(7)
+19 1
cfn=(550)
calls=1 -30 
* 789
+1 3
-1 1
+1 1
cfn=(550)
calls=1 -31 
* 778
+1 3
-1 1
+1 1
cfn=(550)
calls=1 -32 
* 863
+1 3
-1 1
+1 1
cfn=(550)
calls=1 -33 
* 798
+5 1
+1 1
+1 1
+1 1
+1 8

fn=(134)
239 2
+3 4
+2 2
+1 4
+4 3
-2 2
+4 28
+5 84
-2 56
+13 1
+4 4
-22 14
+15 14
-15 30

fl=(58)
fn=(184)
33 4
+2 15
-2 4
+7 1
-7 2
+7 1
-7 2
+7 1
-7 1
+7 1
cfi=(11)
cfn=(28)
calls=1 387 
* 24
* 3
+7 1
+2 6

fl=(37)
fn=(108)
172 6
+3 1
-3 3
+3 1
-3 5
+2 1
cfi=(38)
cfn=(110)
calls=1 29 
* 49
+1 1
fi=(40) ./elf/./dl-hwcaps.h
43 1
fe=(37)
174 1
fi=(40)
45 2
+32 1
+1 1
+1 1
fe=(37)
-27 2
cfi=(39)
cfn=(114)
calls=1 -1 
* 23
* 2
fi=(40)
-9 1
+2 1
-2 1
+34 2
+1 2
+1 1
fe=(37)
-24 2
-1 2
+1 2
+1 2
+1 2
-5 4
cfi=(39)
cfn=(114)
calls=2 -1 
* 130
* 2
cfi=(39)
cfn=(114)
calls=1 -1 
* 125
* 6
+48 4
fi=(28)
-44 2
cfi=(27)
cfn=(78)
calls=1 -20 
* 30
fe=(37)
+46 2
-2 1
+2 1
+3 1
+3 1
fi=(40)
-65 1
+2 1
fe=(37)
+67 1
fi=(40)
-66 1
fe=(37)
+66 2
cfi=(39)
cfn=(120)
calls=1 -87 
* 13
* 2
fi=(40)
-69 1
+2 1
-2 1
+34 2
+1 2
+1 1
fe=(37)
+48 10
+1 4
+1 2
+1 2
-1 2
-4 4
cfi=(39)
cfn=(114)
calls=2 -74 
* 130
* 2
cfi=(39)
cfn=(114)
calls=1 -74 
* 125
* 6
+8 3
+9 5
+3 8
-2 6
+14 1
+4 1
+1 1
+1 1
-20 3
+19 1
+1 1
-20 2
+8 2
+4 2
-4 3
+4 2
cfi=(42)
cfn=(122)
calls=1 -96 
* 19
+1 3
-14 8
+47 1
-4 2
+4 2
-3 1
+7 1
-7 2
+7 1
fi=(28)
56 1
cfi=(27)
cfn=(78)
calls=1 -20 
* 30
* 1
fe=(37)
194 2
+8 1
fi=(40)
43 1
fe=(37)
201 1
80 1
fi=(40)
-35 1
fe=(37)
+35 1
202 1
fi=(40)
77 1
+1 1
fe=(37)
202 3
fi=(40)
79 1
fe=(37)
-2 2
cfi=(39)
cfn=(114)
calls=1 -26 
* 23
* 2
fi=(40)
-34 1
+2 1
fe=(37)
+35 2
fi=(40)
-37 1
+34 2
+1 2
+1 3
fe=(37)
+1 4
+7 2
-7 8
cfi=(29)
cfn=(126)
calls=2 197 
* 26
+4 2
+2 2
+2 2
-2 4
-9 4
cfi=(39)
cfn=(114)
calls=2 -26 
* 130
* 2
cfi=(39)
cfn=(114)
calls=1 -26 
* 125
* 6
213 2
-5 1
+1 1
-1 1
+5 1
+3 9

fl=(64)
fn=(202)
143 4
+1 2
-1 1
+1 1
-1 2
+1 1
-1 1
+1 1
-1 4
+1 3
-1 1
+1 7
-8 1
+8 2
-8 1
-6 1
-2 1
+16 1
-8 1
-7 1
+1 1
+6 1
+24 4
-28 3
-2 1
+31 1
-33 2
+2 2
+30 2
-30 1
-1 4
+7 4
+24 3
+28 3
-6 1
+46 1
fi=(72) ./elf/../include/scratch_buffer.h
77 1
fe=(64)
+87 1
fi=(72)
-87 1
+1 1
fe=(64)
184 1
+44 4
-31 1
-4 1
+4 13
-4 11
+4 22
+11 28
-18 2
+18 4
417 24
+2 10
+3 10
-3 30
+3 10
-3 10
fi=(28)
56 10
cfi=(27)
cfn=(78)
calls=10 -20 
* 300
fe=(64)
423 30
fi=(28)
56 10
fe=(64)
423 10
+6 10
+1 50
cfi=(29)
cfn=(82)
calls=10 210 
* 118
+1 50
cfi=(29)
cfn=(82)
calls=10 210 
* 118
+3 10
+1 20
+4 36
188 22
442 33
-1 12
+1 24
183 6
+27 40
+7 10
+4 10
-6 10
+1 10
+1 10
+1 20
+3 30
-2 10
-29 50
+32 560
+6 100
cfi=(30)
cfn=(204)
calls=25 +10 
* 1319
* 75
+4 50
-2 25
+2 50
cfi=(50)
cfn=(160) _dl_catch_exception
calls=25 -28 
* 66329
+1 50
+9 25
+2 50
+5 50
+6 10
+2 10
-8 20
+3 10
+1 10
+1 10
+1 10
+4 10
-3 10
+3 30
+4 75
+1 57
-43 1150
+7 50
+38 765
fi=(72)
85 3
fe=(64)
448 5
+1 1
+3 4
+11 5
fi=(28)
56 1
cfi=(27)
cfn=(78)
calls=1 -20 
* 30
fe=(64)
465 3
fi=(28)
56 1
fe=(64)
465 1
+5 2
+1 1
-1 3
+4 3
-2 2
+13 11
+5 11
-16 33
+11 11
-7 11
+7 11
-2 22
-5 1
+7 1
-2 2
+2 1
-11 1
+11 1
+5 1
-16 3
+21 3
+37 2
+15 2
-14 2
+20 1
-1 4
+1 4
-1 5
cfi=(13)
cfn=(232)
calls=1 298 
* 817
+5 1
+2 1
+1 1
+1 2
-2 1
+2 1
+7 3
+3 2
+3 8
198 81
+3 10
fi=(72)
-70 40
cfi=(71)
cfn=(228)
calls=10 30 
* 250
fe=(64)
+70 30
+4 20
547 4
cfi=(29)
cfn=(82)
calls=1 210 
* 27
* 3
-53 2
144 2

fn=(206) openaux
61 150
+7 25
-4 75
+1 25
-1 175
cfi=(30)
cfn=(166)
calls=25 1967 
* 64129
* 25
+5 75

fl=(45)
fn=(144)
56 3
+3 2
+4 1
+22 1
+10 1
-32 2
+1 1
+21 2
+5 2
+1 1
+4 1
-4 1
-1 1
+2 1
+3 1
+4 2
+8 2
-50 1
+4 2
+35 6

fn=(196)
38 11
+3 11
-1 22
+4 22
+4 11

fn=(150)
116 2
+1 2

fl=(26)
fn=(84)
31 44
+2 11
-2 22
+2 11
-2 33
+2 11
cfi=(24)
cfn=(86)
calls=11 +9 
* 33
+2 98
+3 260
+2 10
+2 10
+4 10
+4 10
-4 20
+1 20
+1 20
+3 50
-1 10
cfi=(24)
cfn=(86)
calls=10 -8 
* 30
-4 1
+4 1
-4 2
+1 2
+1 2
+3 5
-1 1
cfi=(24)
cfn=(86)
calls=1 -8 
* 3
-5 2

fn=(72)
59 165
+3 22
+18 20
+3 10
cfi=(22)
cfn=(62)
calls=10 -26 
* 224
+4 10
-4 10
+4 10
+5 10
-9 30
fi=(28)
-39 20
cfi=(27)
cfn=(74)
calls=10 +36 
* 566
fe=(26)
+39 1
fi=(28)
-39 2
cfi=(27)
cfn=(74)
calls=1 +36 
* 47
* 11
fe=(26)
+51 22
+5 11
+4 11
-6 11
+2 11
+4 11
-5 11
+4 11
+1 11
-1 11
+1 22
cfi=(29)
cfn=(82)
calls=11 210 
* 132
* 11
+15 11
-15 11
+2 11
+13 22
+6 1
+2 7
+3 2
-3 70
+3 20
+2 11
+4 11
+3 26
+2 12
-2 8
+2 8
-2 16
+16 22
-5 11
+5 11
-6 11
+6 11
-6 11
+6 22
+2 20
+3 20
-3 20
+7 52
+4 30
+8 1
+13 1
-10 2
+10 13
-10 20
+10 30
+2 10
cfi=(22)
cfn=(62)
calls=10 57 
* 376
+21 10
-21 30
+17 10
-13 30
+50 30
cfi=(29)
cfn=(126)
calls=10 -48 
* 194
* 10
+5 20
+1 20
-1 324
+1 324
+4 20
+1 10
+3 10
+4 99
131 22
-8 10
-4 20
+34 1
+7 4
+8 40
fi=(28)
56 20
cfi=(27)
cfn=(78)
calls=10 -20 
* 300
* 10
fe=(26)
200 20
-1 20
64 2
+2 3
+1 2
+4 6
+6 2

fl=(44)
fn=(138)
40 66
+1 11
cfi=(22)
cfn=(62)
calls=11 +16 
* 367
* 11
fi=(321) ./string/../include/rtld-malloc.h
+15 22
cfi=(27)
cfn=(78)
calls=11 -20 
* 330
fe=(44)
-12 22
+3 33
+1 33
-1 11
cfi=(29)
cfn=(82)
calls=11 210 
* 185

fl=(76)
fn=(260)
361 8
-76 1
-10 2
+2 2
-1 1
+6 1
+3 1
+8 1
-11 1
+1 1
-1 1
+1 1
-1 1
+1 1
+10 4
+3 1
+4 2
+2 2
-1 1
+2 2
+2 2
-1 2
+4 1
+2 1
+3 2
145 2
+12 2
+16 1
+6 1
363 6

fn=(588) _dl_cet_setup_features
331 1
+3 2
+16 1

fl=(11)
fn=(58)
153 15
-81 40
+81 15
-81 10
+10 5
fi=(322) ./elf/./dl-tunable-types.h
+2 5
fe=(11)
+9 40
+1 25
fi=(12) ./elf/./elf/dl-tunables.h
+47 10
fe=(11)
-26 25
+1 5
+1 5
+1 5
+39 15
fi=(12)
-15 10
fe=(11)
-45 10
+3 5
fi=(12)
+51 5
fe=(11)
-51 5
+4 10
+7 10
+1 10
-12 25

fn=(28)
387 45
+3 90
-3 45
+3 360
+9 42
-9 84
+19 30
+7 270
+2 45
-19 15
+1 15
+9 6

fn=(22)
261 8
+22 1
-22 1
128 1
283 1
-22 1
+6 3

ob=(2)
fl=(107) ./wcsmbs/../sysdeps/x86_64/multiarch/wcscmp.c
fn=(340) wcscmp
30 1
fi=(101)
+10 3
-2 4
fe=(107)
-8 2
fi=(101)
+11 2
+1 3
+3 2
+4 3
+3 5
fe=(107)

fl=(249)
fn=(1248)
25 1
+1 6
+1 1

fl=(125) ./string/../sysdeps/x86_64/multiarch/strcpy.c
fn=(382) strcpy
29 4
fi=(118)
+9 8
+1 4
-1 8
+1 8
+3 8
+4 12
+3 12
fe=(125)
-20 4

fl=(207)
fn=(692)
37 680
+3 85
+3 85
-3 85
+3 85
+35 217
-20 170
+4 170
+4 171
+2 30
-2 45
+8 15
cfi=(208)
cfn=(694)
calls=15 -38 
* 135
* 39
cfi=(208)
cfn=(694)
calls=39 -38 
* 351
* 108
+4 378
-19 2
cfi=(208)
cfn=(694)
calls=1 -23 
* 9
* 2
+4 2

fl=(255) ./ctype/../include/ctype.h
fn=(1516) __ctype_b_loc
40 566
+1 1132
+1 566

fl=(273) ./debug/./debug/sprintf_chk.c
fn=(2224) __sprintf_chk
25 6045
+3 1612
+6 403
+2 806
+3 403
+1 806
-1 2015
+1 403
cfi=(272)
cfn=(2220)
calls=403 -3 
* 172135
+4 2015

fl=(198) ./string/../sysdeps/x86_64/multiarch/memchr-avx2.S
fn=(658) __memchr_avx2
61 5
+7 5
+2 5
+3 5
+1 5
+2 5
+1 5
+1 5
+1 5
+3 5
+1 5
+3 5
+1 5
+2 4
+1 4
+1 4
+1 4
+2 8
+7 1
+5 1
+7 1
+1 1
+1 1
+1 1

fl=(212) ./string/../sysdeps/x86_64/multiarch/memset-vec-unaligned-erms.S
fn=(722) __memset_avx2_unaligned_erms
158 1147
+1 2294
+5 1147
+1 1147
+1 99
+1 99
+1 99
+2 89
+1 89
+1 178
+9 4
+1 4
+2 8
+53 10
+1 10
+6 4
+1 4
+12 4
+3 4
+1 4
+64 6
+1 6
+1 6
+1 766822
+1 6
+1 12
+7 1048
+9 1048
+1 1048
+5 1048
+1 1048
+1 15
+1 15
+1 3
+1 3
+1 1
+3 1
+28 1033
+1 1033
+5 1033
+8 12
+1 12
+5 12
+7 2
+1 2
+1 2
+5 2

fn=(2426) __memset_chk_avx2_unaligned_erms
152 33
+1 33
+1 165
+4 33
+1 66
+5 33
+1 33
+1 6
+1 6
+1 6
+2 6
+1 6
+1 12
337 27
+9 27
+1 27
+5 10
+1 10
+1 2
+1 2
+1 2
+1 2
+1 2
+3 2
+17 17
+1 17
+1 17
+9 8
+1 8
+5 8

fl=(257) ./libio/./libio/ioputs.c
fn=(1666) puts
33 20
+2 2
cob=(4)
cfi=(181)
cfn=(840)
calls=2 -35 
* 32
+1 2
-1 2
+1 6
-3 2
+6 7
+1 1
fi=(248)
1025 3
+1 2
fe=(257)
40 1
fi=(248)
1025 3
+1 2
fe=(257)
40 6
cfi=(238)
cfn=(1668)
calls=2 1198 
* 2351
* 4
+1 8
+1 8
fi=(248)
979 4
+1 16
fe=(257)
46 16
-10 10
+2 2
-2 10
+5 4
cfi=(237)
cfn=(1680)
calls=2 199 
* 338
* 4

fl=(258)
fn=(1686)
25 15
+1 90
+1 15

fl=(294)
fn=(3084)
77 1
+3 3
+2 1
+2 2
-7 4
+11 2
+91 1
+3 1
+2 1
+3 1
-63 1
+66 3
-93 2
+11 4
+4 1
+3 2
-71 1
+1 7
+1 1
+84 3
+1 2

fl=(219) ./nptl/./nptl/pthread_attr_init.c
fn=(928) pthread_attr_init@@GLIBC_2.2.5
32 2
fi=(312)
+27 1
fe=(219)
-27 4
fi=(312)
+27 4
fe=(219)
-13 1
cfi=(220)
cfn=(930)
calls=1 -19 
* 6
* 2
+3 4

fl=(242) ./string/../sysdeps/x86_64/multiarch/strchr-avx2.S
fn=(1722) __strchrnul_avx2
53 2590
+2 2590
+1 2590
+1 2590
+1 2590
+1 2590
+3 2590
+1 2590
+4 2590
+1 2590
+1 2590
+1 2590
+1 2590
+1 2590
+1 2590
+1 2590
+13 2590
+2 5180

fn=(1216) __strchr_avx2
53 1
+2 1
+1 1
+1 1
+1 1
+1 1
+3 1
+1 1
+4 1
+1 1
+1 1
+1 1
+1 1
+1 1
+1 1
+1 1
+3 1
+8 1
+8 1
+1 2

fl=(86) ./string/../sysdeps/x86_64/multiarch/strcmp.c
fn=(290) strcmp
79 3
-31 6
+1 3
-2 12
+2 6
+3 6
+4 9
+3 9
+20 3

fl=(116) ./wcsmbs/../sysdeps/x86_64/multiarch/wcscpy.c
fn=(360) wcscpy
60 1
-17 2
-1 4
+2 3
+2 2
+4 3
+10 1

fl=(136) ./string/../sysdeps/x86_64/multiarch/strspn.c
fn=(422) strspn
29 3
fi=(308)
+7 15
fe=(136)
-7 3

fl=(253) ./string/../sysdeps/x86_64/multiarch/memmove-vec-unaligned-erms.S
fn=(1732) __mempcpy_avx_unaligned_erms
242 150
+1 150
+1 150
+1 150
+17 150
+1 150
+42 150
+1 150
+2 148
+1 148
+2 147
+4 147
+1 147
+1 147
+1 147
+1 147
+1 21
+1 21
+2 21
+2 21
-2 126
+2 126
+17 2
+1 2
+1 2
+1 2
+2 2
+17 1
+1 1
+1 1
+1 1
+1 1

fn=(2262) __memcpy_chk_avx_unaligned_erms
249 5
+1 5
+1 25
+4 5
+1 5
+6 5
+1 5
+2 5
+1 5
+1 5
+3 5
+1 5
+1 5
+3 10

fn=(1268) __memcpy_avx_unaligned_erms
255 1216
+1 1216
+6 1216
+1 1216
+2 74
+1 74
+1 74

ob=(1)
fl=(11)
fn=(22)
267 1
42 415
+6 82
-3 82
+3 9690
+4 164
+4 164
fi=(12)
160 82
fe=(11)
56 164
fi=(12)
161 64
-1 274
+1 310
-1 164
fe=(11)
281 13448
+6 24354
fi=(12)
160 820
+1 1640
-1 45
+1 180
-1 225
fe=(11)
304 8

fl=(50)
fn=(158)
254 6
+2 1
-2 6
+2 1
cfn=(160)
calls=1 -52 
* 2728
+1 2
+1 1
+1 1
-1 1
+1 1
+2 6

fn=(236)
186 2
58 1
186 4
+2 1
-2 1
58 1
+1 1
+11 1
192 1
+2 1
cfi=(2)
cfn=(238)
calls=1 674 
* 36754
69 2
+1 1
198 1
-1 1
+1 3

fn=(160)
204 156
58 26
204 52
+3 52
+22 26
-1 26
+1 26
58 52
235 78
cfi=(51)
cfn=(162)
calls=26 31 
* 624
* 78
+2 78
cfi=(64)
cfn=(206)
calls=25 61 
* 64679
cfi=(2)
cfn=(164)
calls=1 641 
* 2662
69 26
+1 26
-1 26
+1 26
239 104
-25 26
+34 78
59 52
+11 78

fl=(77)
fn=(262)
207 143
+1 26
+12 12
+4 48
-4 12
+6 36
+3 12
-1 12
+1 24
+22 60
+4 14
+7 21
fi=(6)
81 38
+6 20
+4 15
+17 5
-11 5
+11 10
+21 10
+5 20
-2 10
fi=(4)
-53 5
fe=(77)
301 10
fi=(4)
79 10
fe=(77)
301 10
fi=(4)
79 7
fe=(77)
301 14
fi=(4)
79 14
fe=(77)
301 9909
fi=(4)
79 2
fe=(77)
301 2
fi=(4)
79 4
fe=(77)
301 542
-80 24
fi=(6)
393 24
fe=(77)
190 12
+31 12
-31 12
fi=(6)
393 36
fi=(5)
49 12
fe=(77)
301 12
fi=(5)
50 12
+30 12
-31 24
+4 12
-3 12
+3 12
-3 12
+3 36
+27 24
-31 12
fe=(77)
301 12
fi=(5)
50 12
+30 12
-31 24
+4 12
-3 12
+3 12
-3 12
+3 36
+27 24
-7 5
-1 5
+11 40
fi=(6)
514 760
+4 760
+3 1140
+1 380
fi=(5)
83 1140
+2 1520
+11 30
fe=(77)
301 72
fi=(5)
51 12
fi=(4)
+28 60
fi=(6)
730 24
+4 12
fe=(77)
304 60
+24 12
+3 24
+17 36
+2 104
-98 24
+3 10
+7 5
-9 5
+9 10
fi=(6)
81 10
fi=(5)
+33 57
+9 43
+1 9
fi=(6)
498 9
fi=(5)
124 9
fi=(6)
498 18
fi=(5)
124 4024
fi=(6)
498 4024
fi=(5)
124 4024
fi=(6)
498 8048
+5 8066
+1 4033
fi=(5)
123 4033
fi=(6)
504 4033
-5 4033
fi=(5)
123 8066
+3 57
+3 68
+2 62
fe=(77)
+59 22
fi=(5)
73 11
fe=(77)
190 11
fi=(5)
72 11
fe=(77)
190 99
fi=(5)
-57 22
+1 11
+1 11
-2 11
+2 11
+3 11
-5 11
+2 11
-2 11
+1 22
+2 11
-2 11
+2 33
+2 22
-5 2834
+1 1417
+1 1417
-2 1417
+2 1417
+3 1417
-5 1417
+2 1417
-2 1417
+1 2834
+2 1417
-2 1417
+2 4251
+2 2834
+9 1360
fi=(6)
267 2720
+7 2720
+4 2720
fe=(77)
170 5440
fi=(4)
-30 4023
fe=(77)
+31 2682
+3 2682
+8 2506
-8 10803
+12 2348
-3 1174
+1 1174
+2 4854
-3 79
+1 79
+2 1569
+1 1253
-1 1253
+2 2506
-1 5012
+3 7518
cfi=(78)
cfn=(270)
calls=1253 772 
* 887546
+3 1253
+1 2506
-4 1253
+4 6265
fi=(6)
+93 5335
+3 1312
-3 3955
+3 1331
-3 1331
+5 2760
+25 8160
423 429
fi=(5)
150 429
fi=(6)
423 2084
fi=(5)
150 3476
-19 5745
+33 44
+1 72
+1 252
+3 136
+4 68
-1 68
-3 68
+2 136
+2 68
-2 136
fe=(77)
-1 272
fi=(6)
287 68
+3 68
-3 68
+4 136
476 136
+2 68
cfi=(15)
cfn=(558)
calls=1 71 
* 6
cob=(3)
cfi=(162) ./math/../sysdeps/x86_64/fpu/multiarch/s_sincos.c
cfn=(518) sincos
calls=1 26 
* 8
cob=(3)
cfi=(146) ./math/../sysdeps/x86_64/fpu/multiarch/s_sin.c
cfn=(514) sin
calls=1 27 
* 9
cob=(3)
cfi=(161) ./math/../sysdeps/x86_64/fpu/multiarch/e_atan2.c
cfn=(510) __atan2_finite@GLIBC_2.15
calls=1 26 
* 9
cob=(3)
cfi=(160) ./math/../sysdeps/x86_64/fpu/multiarch/e_exp2f.c
cfn=(506) exp2f@@GLIBC_2.27
calls=1 27 
* 9
cob=(3)
cfi=(159) ./math/../sysdeps/x86_64/fpu/multiarch/s_expm1.c
cfn=(502) expm1
calls=1 26 
* 9
cob=(3)
cfi=(156) ./math/../sysdeps/x86_64/fpu/multiarch/e_asin.c
cfn=(498) __asin_finite@GLIBC_2.15
calls=1 27 
* 8
cob=(3)
cfi=(158) ./math/../sysdeps/x86_64/fpu/multiarch/s_fma.c
cfn=(496) fma
calls=1 49 
* 6
cob=(3)
cfi=(157) ./math/../sysdeps/x86_64/fpu/multiarch/s_sinf.c
cfn=(492) sinf
calls=1 26 
* 9
cob=(3)
cfi=(156)
cfn=(488) __acos_finite@GLIBC_2.15
calls=1 35 
* 8
cob=(3)
cfi=(155) ./math/../sysdeps/x86_64/fpu/multiarch/e_log.c
cfn=(484) __log_finite@GLIBC_2.15
calls=1 27 
* 9
cob=(3)
cfi=(154) ./math/../sysdeps/x86_64/fpu/multiarch/s_log1p.c
cfn=(480) __log1p
calls=1 26 
* 9
cob=(3)
cfi=(153) ./math/../sysdeps/x86_64/fpu/multiarch/e_log2f.c
cfn=(476) log2f@@GLIBC_2.27
calls=1 27 
* 9
cob=(3)
cfi=(151) ./math/../sysdeps/x86_64/fpu/multiarch/e_pow.c
cfn=(472) __pow_finite@GLIBC_2.15
calls=1 27 
* 8
cob=(3)
cfi=(150) ./math/../sysdeps/x86_64/fpu/multiarch/e_powf.c
cfn=(468) powf@@GLIBC_2.27
calls=1 30 
* 9
cob=(3)
cfi=(149) ./math/../sysdeps/x86_64/fpu/multiarch/s_sincosf.c
cfn=(464) sincosf
calls=1 26 
* 9
cob=(3)
cfi=(148) ./math/../sysdeps/x86_64/fpu/multiarch/e_log2.c
cfn=(460) log2@@GLIBC_2.29
calls=1 27 
* 9
cob=(3)
cfi=(147) ./math/../sysdeps/x86_64/fpu/multiarch/e_logf.c
cfn=(456) logf@@GLIBC_2.27
calls=1 27 
* 9
cob=(3)
cfi=(146)
cfn=(452) cos
calls=1 34 
* 9
cob=(3)
cfi=(145) ./math/../sysdeps/x86_64/fpu/multiarch/e_expf.c
cfn=(448) expf@@GLIBC_2.27
calls=1 27 
* 9
cob=(3)
cfi=(143) ./math/../sysdeps/x86_64/fpu/multiarch/e_exp.c
cfn=(444) __exp_finite@GLIBC_2.15
calls=1 27 
* 9
cob=(3)
cfi=(141) ./math/../sysdeps/x86_64/fpu/multiarch/s_cosf.c
cfn=(440) cosf
calls=1 26 
* 9
cob=(2)
cfi=(139)
cfn=(432)
calls=1 31 
* 21
cob=(2)
cfi=(138)
cfn=(428)
calls=1 33 
* 22
cob=(2)
cfi=(137)
cfn=(424)
calls=1 31 
* 18
cob=(2)
cfi=(136)
cfn=(422)
calls=1 29 
* 7
cob=(2)
cfi=(134)
cfn=(418)
calls=1 29 
* 23
cob=(2)
cfi=(133)
cfn=(414)
calls=1 29 
* 22
cob=(2)
cfi=(132)
cfn=(410)
calls=1 33 
* 17
cob=(2)
cfi=(131)
cfn=(406)
calls=1 29 
* 22
cob=(2)
cfi=(129)
cfn=(402)
calls=1 29 
* 24
cob=(2)
cfi=(128)
cfn=(398)
calls=1 29 
* 19
cob=(2)
cfi=(127)
cfn=(394)
calls=1 29 
* 25
cob=(2)
cfi=(100)
cfn=(390)
calls=1 31 
* 18
cob=(2)
cfi=(126)
cfn=(386)
calls=1 31 
* 21
cob=(2)
cfi=(125)
cfn=(382)
calls=1 29 
* 17
cob=(2)
cfi=(123)
cfn=(378)
calls=2 31 
* 20
cob=(2)
cfi=(121)
cfn=(374)
calls=1 29 
* 24
cob=(2)
cfi=(120)
cfn=(370)
calls=1 31 
* 25
cob=(2)
cfi=(119)
cfn=(366)
calls=1 31 
* 21
cob=(2)
cfi=(117)
cfn=(362)
calls=1 29 
* 17
cob=(2)
cfi=(116)
cfn=(360)
calls=1 60 
* 16
cob=(2)
cfi=(115)
cfn=(358)
calls=1 29 
* 7
cob=(2)
cfi=(113)
cfn=(354)
calls=1 31 
* 21
cob=(2)
cfi=(112)
cfn=(352)
calls=1 67 
* 21
cob=(2)
cfi=(110)
cfn=(348)
calls=2 31 
* 46
cob=(2)
cfi=(108)
cfn=(344)
calls=1 31 
* 19
cob=(2)
cfi=(107)
cfn=(340)
calls=1 30 
* 25
cob=(2)
cfi=(106)
cfn=(336)
calls=1 28 
* 25
cob=(2)
cfi=(104)
cfn=(332)
calls=1 29 
* 24
cob=(2)
cfi=(103)
cfn=(330)
calls=1 65 
* 19
cob=(2)
cfi=(100)
cfn=(324)
calls=2 31 
* 50
cob=(2)
cfi=(98)
cfn=(320)
calls=1 29 
* 22
cob=(2)
cfi=(96)
cfn=(316)
calls=1 31 
* 18
cob=(2)
cfi=(95)
cfn=(312)
calls=1 29 
* 25
cob=(2)
cfi=(94)
cfn=(308)
calls=1 29 
* 22
cob=(2)
cfi=(92)
cfn=(304)
calls=1 29 
* 22
cob=(2)
cfi=(91)
cfn=(300)
calls=1 29 
* 19
cob=(2)
cfi=(89)
cfn=(296)
calls=1 29 
* 24
cob=(2)
cfi=(87)
cfn=(292)
calls=1 30 
* 19
cob=(2)
cfi=(86)
cfn=(290)
calls=1 79 
* 19
cob=(2)
cfi=(85)
cfn=(288)
calls=1 29 
* 7
cob=(2)
cfi=(83)
cfn=(284)
calls=2 31 
* 50
cob=(2)
cfi=(81)
cfn=(280)
calls=1 86 
* 28
fi=(5)
165 68
fi=(6)
479 68
fi=(5)
165 145
-14 2025
fi=(6)
400 60
+2 80
+4 20
+9 20
-9 40
+9 20
fi=(5)
150 40
fi=(6)
320 675
+3 675
+29 231
+11 77
-9 154
+9 77
fi=(5)
150 154
fi=(6)
346 156
+1 234
fi=(5)
150 156
fi=(6)
287 95
fi=(5)
141 68
+1 68
-1 204
+2 68
fi=(6)
287 340
fe=(77)
175 715
+3 88
-1 88
+19 88
-18 176
fi=(6)
295 98
+1 147
+11 98
+7 49
cob=(3)
cfi=(146)
cfn=(452)
calls=1 34 
* 9
cob=(3)
cfi=(168) ./math/../sysdeps/x86_64/fpu/multiarch/s_floor.c
cfn=(534) floor
calls=1 31 
* 7
cob=(2)
cfi=(167)
cfn=(532)
calls=1 38 
* 7
cob=(3)
cfi=(162)
cfn=(518)
calls=1 26 
* 8
cob=(3)
cfi=(166) ./math/../sysdeps/x86_64/fpu/multiarch/s_tan.c
cfn=(528) tan
calls=1 26 
* 9
cob=(3)
cfi=(165) ./math/../sysdeps/x86_64/fpu/multiarch/s_ceil.c
cfn=(526) ceil
calls=2 31 
* 14
cob=(2)
cfi=(98)
cfn=(320)
calls=2 29 
* 44
cob=(2)
cfi=(131)
cfn=(406)
calls=1 29 
* 22
cob=(2)
cfi=(115)
cfn=(358)
calls=2 29 
* 14
cob=(2)
cfi=(128)
cfn=(398)
calls=2 29 
* 38
cob=(2)
cfi=(121)
cfn=(374)
calls=1 29 
* 24
cob=(2)
cfi=(125)
cfn=(382)
calls=3 29 
* 51
cob=(2)
cfi=(104)
cfn=(332)
calls=1 29 
* 24
cob=(2)
cfi=(86)
cfn=(290)
calls=2 79 
* 38
cob=(2)
cfi=(139)
cfn=(432)
calls=1 31 
* 21
cob=(2)
cfi=(103)
cfn=(330)
calls=2 65 
* 38
cob=(2)
cfi=(133)
cfn=(414)
calls=2 29 
* 44
cob=(2)
cfi=(136)
cfn=(422)
calls=2 29 
* 14
cob=(2)
cfi=(117)
cfn=(362)
calls=2 29 
* 34
cob=(2)
cfi=(164)
cfn=(524)
calls=2 64 
* 20
cob=(2)
cfi=(106)
cfn=(336)
calls=1 28 
* 25
cob=(2)
cfi=(127)
cfn=(394)
calls=3 29 
* 75
cob=(2)
cfi=(83)
cfn=(284)
calls=1 31 
* 25
cob=(2)
cfi=(94)
cfn=(308)
calls=1 29 
* 22
cob=(2)
cfi=(85)
cfn=(288)
calls=1 29 
* 7
cob=(2)
cfi=(163)
cfn=(522)
calls=2 42 
* 14
cob=(2)
cfi=(113)
cfn=(354)
calls=1 31 
* 21
cob=(2)
cfi=(132)
cfn=(410)
calls=1 33 
* 17
cob=(2)
cfi=(134)
cfn=(418)
calls=1 29 
* 23
cob=(2)
cfi=(89)
cfn=(296)
calls=3 29 
* 72
cob=(2)
cfi=(112)
cfn=(352)
calls=2 67 
* 42
* 196
fe=(77)
-13 15
+55 60
+3 12
-3 12
+3 12
+4 24
+1 48
cfi=(140)
cfn=(436)
calls=12 117 
* 72
* 24
-63 15
fi=(5)
180 7
fe=(77)
+10 2
fi=(5)
73 1
fe=(77)
190 3
fi=(6)
436 7
fi=(5)
182 2
+1 2
-1 1
+3 1
-3 4
+3 2
-3 10
+1 10
-1 5
+3 5
-3 20
+3 10
+8 6
fi=(6)
+74 12
+7 12
+4 12
fe=(77)
170 24
fi=(4)
-30 18
fe=(77)
+31 12
+3 12
+8 12
-8 54
+12 12
-3 6
+1 6
+2 36
+4 24
-4 6
+4 18
cfi=(78)
cfn=(270)
calls=6 772 
* 4871
+3 6
+1 12
-4 6
+4 30
fi=(6)
+93 20
+3 2
-3 6
+3 2
-3 2
+5 4
+25 36
423 6
fi=(5)
196 18
-16 24
+31 7
fe=(77)
-33 11
-3 33

fl=(43)
fn=(130)
132 18
+1 90
+5 18
+1 18
+3 11
+1 11
244 11
+1 11
+12 11
+3 11
+1 11
+12 11
+1 11
+13 11
+1 11
+2 11
+3 8
+3 16
+3 8
+1 8
+1 8
+1 8
+1 8
+1 8
+1 8
-6 183
+1 183
+1 183
+1 183
+1 183
+1 183
+1 183
+3 11
+1 11
+1 11
+1 11
+5 11
+34 7
+2 7
+1 7
+39 7
+1 7
+2 7

fl=(63)
fn=(200)
25 1
+2 7
+4 1

fl=(73)
fn=(240)
392 7
+4 5
-2 1
+4 72
cfn=(242) _dl_check_map_versions
calls=12 155 
* 36563
-2 12
+2 36
-1 12
-1 24
+5 7

fn=(242)
155 120
+15 36
+2 60
+2 12
+1 12
+2 24
+3 20
-16 20
+20 10
-4 10
-24 10
+28 70
+16 20
36 10
200 10
36 70
200 12
36 6
200 6
36 42
+1 122
-1 244
+2 414
cfi=(52)
cfn=(168)
calls=138 +30 
* 12639
* 292
208 48
+5 16
fi=(323) ./elf/../sysdeps/generic/_itoa.h
76 48
fe=(73)
213 32
+4 32
+1 32
-1 32
+4 16
-3 16
+3 16
-3 48
-1 130
+1 130
-1 130
+4 65
-3 65
+3 65
-3 225
56 324
+8 243
+6 243
+16 81
+1 162
+2 81
+5 567
+14 2234
+12 3108
+4 1036
-30 2072
231 324
+3 243
+5 65
-24 65
110 81
+3 405
cfi=(32)
cfn=(94)
calls=81 -15 
* 3306
* 243
224 243
+1 3
cfi=(32)
cfn=(94)
calls=1 98 
* 71
* 2
+3 34
+15 48
+5 6
-50 6
+59 50
+3 8
+3 28
+3 16
+4 4
-7 16
+3 12
+4 94
-7 376
+3 286
+8 12
+6 22
fi=(28)
44 11
fe=(73)
280 22
fi=(28)
44 11
cfi=(27)
cfn=(74)
calls=11 +36 
* 506
fe=(73)
281 22
-2 11
fi=(28)
44 11
fe=(73)
281 11
+13 11
-3 11
+3 44
+2 22
+3 40
+4 48
+7 81
+1 81
-1 243
+1 81
+1 81
-2 81
+2 162
+1 243
+3 243
+5 65
-15 65
+2 65
-2 65
+2 65
-2 65
+2 130
-2 16
+2 16
-2 16
+2 16
-2 16
+2 32
+16 48
+5 6
-28 6
+33 20
+3 8
+4 98
+6 98
+1 98
+1 98
-1 294
+1 98
-1 98
+1 98
+1 98
+3 294
+4 98
-14 204
+10 12
+12 8
+1 20
+1 20
+1 4
+19 108
164 2
-8 2
257 5
+17 21
+60 2
-40 2
+76 4
+2 4
+4 2
-4 120
+1 60
+2 1
+1 2
-1 1
+1 1
cfi=(32)
cfn=(244)
calls=1 98 
* 32
* 2

fl=(29)
fn=(126)
197 48
+1 48
+1 48
+1 48
+17 48
+1 48
+2 17
+1 17
+1 17
+2 8
+1 8
+1 8
+2 8
+80 31
+1 31
+2 11
+4 11
+1 11
+1 11
+8 11
+39 20
+1 20
+1 20
+1 20
+1 20
+7 8
+1 8
+1 8
+1 8
+1 8
+1 8
+1 8
+11 9
+1 9
+2 8
+1 8
+1 8
+20 1
+1 1
+4 1
+2 1
+16 1
+3 1
+2 1
+2 1
+4 1
+1 1
+9 1
+1 1
+2 1
+2 1
+1 1
+1 1
+3 1
+2 1
+2 1
+2 1
+6 1
+1 1
+1 1
+1 1
+1 1
+1 1
+1 1
+1 1
+1 1
+1 1
+1 1
+1 1
-11 2
+1 2
+1 2
+1 2
+1 2
+1 2
+1 2
+1 2
+1 2
+1 2
+1 2
+1 2
+2 1
+1 1
+1 1
+1 1
+2 1
+4 1

fn=(82)
210 56
+1 56
+6 56
+1 56
+2 45
+1 45
+1 45
+2 23
+1 23
+1 23
+2 23
+80 11
+1 11
+2 1
+4 1
+1 1
+1 1
+1 1
+1 1
+4 1
+2 1
+39 10
+1 10
+1 10
+1 10
+1 10
+7 19
+1 19
+1 19
+1 19
+1 19
+1 19
+1 19
+11 22
+1 22
+2 22
+1 22
+1 22
+2 3
+1 3
+1 3
+1 3
+1 3
+1 3
+1 3
+1 3
+1 3
+1 3
+1 3
+1 3
+1 3
+1 3
+1 3

fl=(296)
fn=(3088)
24 96
+4 24
+6 12
-2 12
+3 24
+3 10
+1 10
-1 10
+1 20
+3 40
+1 10
cob=(6)
cfi=(189)
cfn=(3260)
calls=1 -43 
* 996
cob=(7)
cfi=(222)
cfn=(3242) 0x0000000000002390
calls=1 -43 
* 98
cob=(8)
cfi=(223)
cfn=(3224) 0x000000000000a2b0
calls=1 -43 
* 97
cob=(9)
cfi=(224)
cfn=(3206)
calls=1 -43 
* 98
cob=(3)
cfi=(225)
cfn=(3188) 0x00000000000104a0
calls=1 -43 
* 98
cob=(10)
cfi=(226)
cfn=(3170) 0x0000000000003d70
calls=1 -43 
* 98
cob=(11)
cfi=(227)
cfn=(3152) 0x0000000000020080
calls=1 -43 
* 98
cob=(12)
cfi=(228)
cfn=(3134) 0x00000000000df820
calls=1 -43 
* 98
cob=(5)
cfi=(184)
cfn=(3116) 0x00000000000010d0
calls=1 -43 
* 98
cob=(13)
cfi=(229)
cfn=(3090) 0x0000000000003cc0
calls=1 -43 
* 98
* 3
cob=(6)
cfi=(189)
cfn=(3274)
calls=1 -43 
* 98
cob=(6)
cfi=(189)
cfn=(3270)
calls=1 -43 
* 6
cob=(6)
cfi=(189)
cfn=(3268)
calls=1 -43 
* 21
-1 52
+5 12
+1 24
+1 20
+1 50
-1 10
cob=(4)
cfi=(181)
cfn=(3290) 0x00000000059e2ce4
calls=1 -49 
* 4
cob=(4)
cfi=(181)
cfn=(3258) 0x0000000005971270
calls=1 -49 
* 4
cob=(4)
cfi=(181)
cfn=(3240) 0x00000000053b5194
calls=1 -49 
* 4
cob=(4)
cfi=(181)
cfn=(3222) 0x00000000058e1eb0
calls=1 -49 
* 4
cob=(4)
cfi=(181)
cfn=(3204) 0x00000000055d93a8
calls=1 -49 
* 4
cob=(4)
cfi=(181)
cfn=(3186) 0x0000000005543124
calls=1 -49 
* 4
cob=(4)
cfi=(181)
cfn=(3168) 0x000000000548a364
calls=1 -49 
* 4
cob=(4)
cfi=(181)
cfn=(3150) 0x00000000050a6f14
calls=1 -49 
* 4
cob=(4)
cfi=(181)
cfn=(3132) 0x000000000483d294
calls=1 -49 
* 4
cob=(4)
cfi=(181)
cfn=(3112) 0x000000000011f688
calls=1 -49 
* 4
+1 12

fl=(1) ???
fn=(0) 0x000000000001f540
0 2
cfi=(2)
cfn=(2)
calls=1 517 
0 1305439
0 8
cfi=(76)
cfn=(588)
calls=1 331 
0 4
0 10
cfi=(183)
cfn=(592)
calls=1 81 
0 35557
0 3
cob=(13)
cfi=(229)
cfn=(1150) (below main)
calls=1 0 
0 11208024

fl=(48)
fn=(198)
77 10
+1 40

fn=(1170) _dl_audit_preinit
118 1
+1 4

fn=(152)
29 2
+2 1
-2 5
+1 1
+1 2

ob=(2)
fl=(253)
fn=(1268)
270 55
+1 55
+1 55
+3 110
+30 1142
+1 1142
+2 1068
+1 1068
+2 805
+4 805
+1 804
+1 804
+1 804
+1 804
+1 146
+1 146
+2 146
+2 146

ob=(1)
fl=(48)
fn=(152)
37 6

ob=(2)
fl=(253)
fn=(1268)
323 658
+2 658
+6 1
+1 1
+1 1
+1 1
+1 1
+7 74
+1 74
+1 74
+1 74
+2 74
+17 263
+1 263
+1 263
+1 263
+1 263
+7 14
+1 14
+1 14
+1 14
+1 14
+1 14
+1 28
+5 19
+1 19
+5 19
+1 19
+2 19
+1 19
+1 19
+2 5
+1 5
+1 5
+1 5
+1 5
+1 5
+1 5
+1 5
+1 5
+1 5
+1 5
+1 5
+1 5
+1 5
+1 10

ob=(1)
fl=(48)
fn=(3114)
97 12
+1 48

fn=(578)
41 3
+4 12
+1 3
+1 15

ob=(7)
fl=(222)
fn=(3252) 0x0000000000002320
0 5

fn=(1012)
0 12

fn=(3242)
0 9
cob=(4)
cfi=(181)
cfn=(3248) 0x0000000005904190
calls=1 0 
0 80
0 1
cfn=(3252)
calls=1 0 
0 5
0 3

ob=(10)
fl=(275)
fn=(2394) inverse_val
6215 28
+2 28
-2 28
+2 56
+5 22
-2 22
-1 44
+4 66
+1 88
-2 66
+1 33
+1 44
-2 33
+11 22
+15 17
-14 11
+2 11
+1 11

fn=(2842)
681 105
cob=(4)
cfi=(181)
cfn=(2646) 0x0000000005519960
calls=5 0 
* 50
* 10
cob=(4)
cfi=(181)
cfn=(2652) 0x00000000055197e0
calls=5 0 
* 30
* 135
+5 110
cob=(4)
cfi=(181)
cfn=(2658) 0x0000000005519c60
calls=5 0 
* 2207
* 25
cob=(4)
cfi=(181)
cfn=(2682) 0x00000000055197b0
calls=5 0 
* 4379216
+5 15
-10 45
+10 5
cob=(4)
cfi=(181)
cfn=(2828) 0x0000000005519830
calls=5 0 
* 180

fn=(2642) elim_fl_A_sparse_dense_block
256 45
fi=(284)
385 10
fe=(275)
257 25
fi=(284)
385 15
fe=(275)
257 5
fi=(284)
397 5
fe=(275)
263 10
fi=(284)
385 5
+12 5
fe=(275)
263 10
fi=(284)
385 5
+12 5
-12 5
+12 10
fe=(275)
263 30
cob=(4)
cfi=(181)
cfn=(2460) 0x0000000005519c70
calls=5 0 
* 4067520
fi=(284)
661 5
409 40
-12 5
666 5
397 5
+12 5
-12 5
+12 5
-12 15
+12 15
cob=(4)
cfi=(181)
cfn=(2460)
calls=5 0 
* 47464
685 10
cob=(4)
cfi=(181)
cfn=(2568) 0x00000000055196b0
calls=5 0 
* 532
+2 10
cob=(4)
cfi=(181)
cfn=(2568)
calls=5 0 
* 435
fe=(275)
277 5
+2 50

fn=(2748) elim_fl_A_sparse_dense_blocks_task
283 30
fi=(283) /home/kirill/gbla-0.2/src/elimination.h
93 5
fe=(275)
283 45
fi=(283)
93 5
cob=(4)
cfi=(181)
cfn=(2416) 0x0000000005519ab0
calls=5 -93 
* 1289
* 10
+4 10
-4 5
+5 15
-1 5
+1 5
cob=(4)
cfi=(181)
cfn=(2752) 0x0000000005519c40
calls=5 -98 
* 2108
* 3825
-1 1275
+1 1275
cob=(4)
cfi=(181)
cfn=(2752)
calls=1275 -98 
* 294496
-1 2560
fe=(275)
289 20
+7 45
fi=(283)
93 5
fi=(277) /usr/include/x86_64-linux-gnu/bits/string_fortified.h
-34 5
fi=(283)
+70 5
fi=(277)
-70 1325
fi=(283)
+70 1275
fi=(277)
-70 339150
fi=(283)
+70 2560
fe=(275)
296 60
fi=(283)
-45 85
-1 15
+1 21675
-1 3825
+1 268800
-1 57600
-1 5120
fe=(275)
+52 15
+34 15
fi=(283)
+57 5
fe=(275)
-57 10
fi=(283)
+57 5
fe=(275)
-57 5
fi=(283)
2691 5
+1 20
+1 5
+1 5
-1 5
+1 5
-2 5
392 5
2692 5
+1 10
+1 30
-2 1275
392 1275
2692 1275
+1 2550
+1 7650
+13 3884
+3 77
-1 11
-1 33
+2 5610
-1 2805
-1 8415
-1 44
354 5
+1 39
+2 26
+12 10
+5 130
-1 15
+1 25500
-1 3825
+1 326400
-1 57600
-1 5120
-7 5
fe=(275)
-76 5
fi=(283)
+76 5
fe=(275)
-76 30
fi=(283)
143 5
-1 5
+1 5
cob=(4)
cfi=(181)
cfn=(2568)
calls=5 0 
* 850
* 1275
-1 1275
+1 1275
cob=(4)
cfi=(181)
cfn=(2568)
calls=1275 0 
* 273100
-1 2560
+2 10
cob=(4)
cfi=(181)
cfn=(2568)
calls=5 0 
* 861
fe=(275)
365 45
fi=(283)
+26 3840
+1 2560
-1 1280
+1 2560
-1 2560
+1 652800
-1 326400
+1 652800
-1 652800
2691 3870
+3 3840
fe=(275)

fn=(2850) elim_fl_C_sparse_dense_blocks_task
840 65
fi=(283)
93 5
fe=(275)
840 15
fi=(283)
93 5
cob=(4)
cfi=(181)
cfn=(2416)
calls=5 -93 
* 1895
* 10
+4 5
-4 5
+5 15
-1 5
+1 5
cob=(4)
cfi=(181)
cfn=(2752)
calls=5 -98 
* 1351
* 3825
-1 1275
+1 1275
cob=(4)
cfi=(181)
cfn=(2752)
calls=1275 -98 
* 294510
-1 2560
fe=(275)
846 15
fi=(283)
408 10
fe=(275)
852 25
fi=(283)
374 35
93 5
fi=(277)
-34 5
fi=(283)
+70 5
fi=(277)
-70 1325
fi=(283)
+70 1275
fi=(277)
-70 339150
fi=(283)
+70 2560
fe=(275)
852 49
fi=(283)
251 51
-1 9
+1 13005
-1 2295
+1 161280
-1 34560
-1 3072
fe=(275)
856 15
+1 90
+1 20
cfi=(283)
cfn=(2856) red_sparse_dense_rectangular
calls=5 1407 
* 17340
* 10
-2 45
+1 10
fi=(283)
407 15
+1 10
-1 5
+1 10
-1 3835
+1 2550
-1 1275
+1 2550
-1 2550
+1 652800
-1 326400
+1 652800
-1 652800
-1 3845
-51 394773
+2 262158
+12 6
+3 6
+2 63
-1 9
+1 15300
-1 2295
+1 195840
-1 34560
-1 3072
-7 5
fe=(275)
846 5
fi=(283)
365 5
fe=(275)
846 35
fi=(283)
143 5
-1 5
+1 5
cob=(4)
cfi=(181)
cfn=(2568)
calls=5 0 
* 886
* 1275
-1 1275
+1 1275
cob=(4)
cfi=(181)
cfn=(2568)
calls=1275 0 
* 273170
-1 2560
+2 10
cob=(4)
cfi=(181)
cfn=(2568)
calls=5 0 
* 994
fe=(275)
870 45
fi=(283)
370 3
cob=(4)
cfi=(181)
cfn=(2416)
calls=1 0 
* 333
* 3
-16 1536
+9 6
cob=(4)
cfi=(181)
cfn=(2568)
calls=2 0 
* 188
+3 6
fe=(275)

fn=(2884) elim_fl_dense_D
2456 10
+2 5
-2 25
+6 5
-6 15
+2 5
+1 5
+3 10
cob=(4)
cfi=(181)
cfn=(2416)
calls=5 0 
* 223
+1 5
-1 5
+25 5
-22 5
+22 10
+4 3
+5 6
+7 12
+20 40
-26 12
cob=(4)
cfi=(181)
cfn=(2886) 0x0000000005519b00
calls=3 0 
* 3029
* 3

fn=(2414) init_fl_map
6655 35
+4 15
+2 15
cob=(4)
cfi=(181)
cfn=(2416)
calls=5 0 
* 1317
fi=(277)
59 15
fe=(275)
6661 10
fi=(277)
59 5
cob=(4)
cfi=(181)
cfn=(2422) 0x0000000005519c20
calls=5 -59 
* 1079
fe=(275)
6664 10
cob=(4)
cfi=(181)
cfn=(2416)
calls=5 0 
* 380
fi=(277)
59 15
fe=(275)
6664 10
fi=(277)
59 5
cob=(4)
cfi=(181)
cfn=(2422)
calls=5 -59 
* 103
fe=(275)
6667 10
cob=(4)
cfi=(181)
cfn=(2416)
calls=5 0 
* 380
fi=(277)
59 15
fe=(275)
6667 10
fi=(277)
59 5
cob=(4)
cfi=(181)
cfn=(2422)
calls=5 -59 
* 103
fe=(275)
6670 10
cob=(4)
cfi=(181)
cfn=(2416)
calls=5 0 
* 723
fi=(277)
59 15
fe=(275)
6670 10
fi=(277)
59 5
cob=(4)
cfi=(181)
cfn=(2422)
calls=5 -59 
* 103
fe=(275)
6673 10
cob=(4)
cfi=(181)
cfn=(2416)
calls=5 0 
* 461
fi=(277)
59 15
fe=(275)
6673 10
fi=(277)
59 5
cob=(4)
cfi=(181)
cfn=(2422)
calls=5 -59 
* 103
fe=(275)
6659 10
+17 15
cob=(4)
cfi=(181)
cfn=(2416)
calls=5 0 
* 663
+1 5
fi=(277)
59 10
fe=(275)
6676 5
+2 5
-2 5
+1 5
+1 20
fi=(277)
59 5
cob=(4)
cfi=(181)
cfn=(2422)
calls=5 -59 
* 105
fe=(275)

fn=(2742)
268 10
+2 5
-2 5
+2 35
cob=(4)
cfi=(181)
cfn=(2744) 0x0000000005519bc0
calls=5 0 
* 4049822
* 15
-2 10

fn=(2844)
686 10
+2 5
-2 5
+2 60
cob=(4)
cfi=(181)
cfn=(2846) 0x00000000055199e0
calls=5 0 
* 4377146
* 25
-2 10

fn=(2644)
263 80
cob=(4)
cfi=(181)
cfn=(2646)
calls=5 0 
* 1311
* 10
cob=(4)
cfi=(181)
cfn=(2652)
calls=5 0 
* 1256
* 110
+5 100
cob=(4)
cfi=(181)
cfn=(2658)
calls=5 0 
* 4174
* 20
cob=(4)
cfi=(181)
cfn=(2682)
calls=5 0 
* 4053060
+5 15
-10 35
+10 5
cob=(4)
cfi=(181)
cfn=(2828)
calls=5 0 
* 1261

fn=(2840) elim_fl_C_sparse_dense_block
672 40
fi=(284)
385 5
fe=(275)
674 15
fi=(284)
385 20
+24 5
fe=(275)
674 5
fi=(284)
397 5
fe=(275)
681 15
fi=(284)
397 5
fe=(275)
681 20
fi=(284)
385 5
+24 10
-24 5
+12 5
+12 5
-24 5
+12 10
+12 10
fe=(275)
681 5
fi=(284)
397 10
fe=(275)
681 20
cob=(4)
cfi=(181)
cfn=(2460)
calls=5 0 
* 4390601
fi=(284)
-20 5
409 40
-12 5
666 5
397 5
+12 5
-12 5
+12 5
-12 15
+12 15
cob=(4)
cfi=(181)
cfn=(2460)
calls=5 0 
* 44561
685 10
cob=(4)
cfi=(181)
cfn=(2568)
calls=5 0 
* 532
+2 10
cob=(4)
cfi=(181)
cfn=(2568)
calls=5 0 
* 456
fe=(275)
+9 45

fn=(2890) pre_elim_sequential
2110 30
+4 3
-4 3
+4 3
fi=(283)
4725 15
+2 9
cob=(4)
cfi=(181)
cfn=(2416)
calls=3 0 
* 141
+1 3
-1 3
+1 9
+1 6
-1 9
+1 16
-1 24
+2 6
cob=(4)
cfi=(181)
cfn=(2568)
calls=3 0 
* 261
+1 9
fe=(275)
2117 12
cfi=(283)
cfn=(2894) save_pivot
calls=3 4086 
* 1610
+8 3
+38 3
-42 3
+4 12
+37 6
+4 3
+1 24

fl=(284)
fn=(2836)
666 130
cob=(4)
cfi=(181)
cfn=(2646)
calls=10 0 
* 100
* 20
cob=(4)
cfi=(181)
cfn=(2652)
calls=10 0 
* 60
* 200
+16 10
-12 30
+1 60
+5 7650
-3 5100
cob=(4)
cfi=(181)
cfn=(2568)
calls=2550 0 
* 16992
* 20
cob=(4)
cfi=(181)
cfn=(2568)
calls=10 0 
* 1022
+1 10240
-2 2560
+2 2560
cob=(4)
cfi=(181)
cfn=(2568)
calls=2560 0 
* 18089
-2 5120
+4 40
cob=(4)
cfi=(181)
cfn=(2568)
calls=10 0 
* 2004
+1 40
cob=(4)
cfi=(181)
cfn=(2568)
calls=10 0 
* 2979
+1 40
cob=(4)
cfi=(181)
cfn=(2568)
calls=10 0 
* 870
+1 30
-9 10
+9 10
cob=(4)
cfi=(181)
cfn=(2568)
calls=10 0 
* 870
+3 10
-12 20
+12 30
cob=(4)
cfi=(181)
cfn=(2568)
calls=10 0 
* 889
* 20
-16 80

fl=(274) /home/kirill/gbla-0.2/src/matrix.c
fn=(2388) sort_schreyer_matrix
21 40
+7 15
+6 5
+1 5
+1 5
-8 5
+8 10
-6 15
+4 10
-4 61
+4 34
-4 56
-1 44
+2 560
-1 246
+5 22
+1 22
+2 143
+1 22
+1 22
+1 22
-3 11
+3 11
-3 44
+1 12
+1 12
+1 12
-3 6
+3 6
-3 24
+5 22
+2 44
-1 22
-16 22
+17 22
-17 88
+21 40

fl=(226)
fn=(3180) 0x0000000000003d00
0 5

fn=(1052)
0 12

fn=(3170)
0 9
cob=(4)
cfi=(181)
cfn=(3176) 0x0000000005519690
calls=1 0 
0 80
0 1
cfn=(3180)
calls=1 0 
0 5
0 3

fl=(279)
fn=(2528)
2815 300
+6 40
-1 20
cob=(4)
cfi=(181)
cfn=(2530) 0x0000000005519a70
calls=10 0 
* 2845
* 20
-2 110
+8 30
+1 20
392 50
1151 30
2827 150
+1 180
+1 27
+1 27
-1 27
+3 240
+1 60
1695 20
+7 110
-6 30
+6 20
-6 10
+6 30
-6 51
+6 34
-6 17
+6 51
+1 27
-4 27
+5 27
-5 27
+4 54
-3 54
-1 27
+1 54
+3 27
+4 27
-4 54
+1 54
+3 135
-2 294
+1 54
+5 27
+1 27
+3 27
-1 27
-12 126
+2 324
+20 84
+1 24
+7 12
-30 12
+28 12
-1 12
+2 12
+1 12
-30 24
+41 81
+1 324
cfn=(2556) insert_many_in_sb_inv.isra.0
calls=27 801 
* 44603
* 54
+1 54
-50 60
2836 70
-9 140
cob=(4)
cfi=(181)
cfn=(2572) 0x00000000055196a0
calls=10 0 
* 1544
* 30
cob=(4)
cfi=(181)
cfn=(2580) 0x00000000055198e0
calls=10 0 
* 1618
-12 110
1718 15
+2 15
-2 15
+1 15
+2 15
1592 90
+1 20
-1 10
+1 20
cob=(4)
cfi=(181)
cfn=(2568)
calls=10 0 
* 1715
* 34
-1 17
+1 34
cob=(4)
cfi=(181)
cfn=(2568)
calls=17 0 
* 1584
+1 54
+1 81
cob=(4)
cfi=(181)
cfn=(2568)
calls=27 0 
* 2492
+1 54
-4 74
+6 10
2838 10
1598 20
1151 96
392 192
1157 12
-3 12
392 36
1154 24
1695 51
1152 24
cob=(4)
cfi=(181)
cfn=(2558) 0x0000000005519930
calls=8 0 
* 770594
* 16

fn=(2556)
801 27
+9 27
-9 270
+9 162
+12 54
+9 27
-9 216
cob=(4)
cfi=(181)
cfn=(2416)
calls=27 0 
* 3928
+1 54
-1 27
+1 81
cob=(4)
cfi=(181)
cfn=(2416)
calls=27 0 
* 3982
* 27
+8 27
-8 54
+9 27
-9 27
+9 108
-1 216
+1 27
-5 27
+4 27
-5 54
+5 27
+1 54
-1 27
+2 135
+1 81
-8 54
+5 30
+1 15
-5 15
+4 15
-5 30
+5 15
+1 30
-1 15
+2 75
+1 45
-8 30
+10 216
-25 20
cob=(4)
cfi=(181)
cfn=(2416)
calls=10 0 
* 2545
+1 10
-1 20
+1 10
cob=(4)
cfi=(181)
cfn=(2416)
calls=10 0 
* 1760
+1 10
-1 20
+1 10
cob=(4)
cfi=(181)
cfn=(2416)
calls=10 0 
* 834
+1 10
-1 10
+1 10
cob=(4)
cfi=(181)
cfn=(2416)
calls=10 0 
* 739
* 40
+2 10
+2 10
+1 10
-2 10
+1 20
+1 20
-4 30
+1 2550
+2 2550
+1 2550
-2 2550
+1 5100
+1 5100
-4 7660

fl=(283)
fn=(2856)
1407 15
+7 5
-7 50
+7 3840
-1 1280
+32 2560
+1 14
+3 14
-3 7
+1 105
+2 56
+1 42
-1 56
-1 14
-1 28
+2 32
+1 24
-1 32
-1 8
+1 1320
+1 990
-1 1320
-1 330
-3 33
-33 5125
1594 40

fn=(2894)
4086 6
-58 3
+58 18
-59 6
+59 3
-59 3
+1 3
+58 9
-59 9
+1 6
-1 3
+1 3
+2 3
-2 3
+4 3
-4 3
+3 6
+1 20
+1 4
-1 2
+1 4
-1 4
+1 2
-1 1
+1 2
-1 2
+59 4
-1 4
+7 3
+1 3
cob=(4)
cfi=(181)
cfn=(2568)
calls=3 0 
* 261
+1 9
+5 33
-68 5
cob=(4)
cfi=(181)
cfn=(2950) 0x0000000005519910
calls=1 0 
* 791
+3 2
+5 1
-5 2
-1 1
+6 2
-5 1
+5 2
+1 6
-1 1
+1 1
-6 1
+5 1
+1 2
-6 2
+51 1
+1 2
-1 2
+1 18
cob=(4)
cfi=(181)
cfn=(2416)
calls=3 0 
* 135
+2 3
fi=(277)
59 6
fe=(283)
4091 3
+2 3
-2 3
fi=(277)
59 3
cob=(4)
cfi=(181)
cfn=(2422)
calls=3 -59 
* 72
fe=(283)
4094 15
+1 36
-1 12
+1 8
-1 19

fl=(276)
fn=(2898) reconstruct_matrix_block_no_multiline
698 70
+7 5
-7 15
+7 10
+1 10
+1 5
+2 5
-2 5
-2 5
+2 5
+3 10
+1 5
-5 5
+5 5
-4 5
-2 10
+1 10
+1 10
+4 5
cob=(4)
cfi=(181)
cfn=(2416)
calls=5 0 
* 434
+1 10
-1 5
+1 5
cob=(4)
cfi=(181)
cfn=(2416)
calls=5 0 
* 520
-6 15
+6 5
-7 15
+1 5
+15 20
-15 5
-1 15
cob=(4)
cfi=(181)
cfn=(2460)
calls=5 0 
* 58255
+2 25
+95 5
-95 5
+95 10
-95 10
cob=(4)
cfi=(181)
cfn=(2460)
calls=5 0 
* 8848
850 35
+1 5
-1 5
+1 5
-1 10
+1 18
-1 18
+1 18
-1 41
+4 10
cob=(4)
cfi=(181)
cfn=(2568)
calls=5 0 
* 435
+1 10
cob=(4)
cfi=(181)
cfn=(2568)
calls=5 0 
* 435
+2 10
cob=(4)
cfi=(181)
cfn=(2568)
calls=5 0 
* 454
+4 10
cob=(4)
cfi=(181)
cfn=(2568)
calls=5 0 
* 435
+1 10
cob=(4)
cfi=(181)
cfn=(2568)
calls=5 0 
* 435
+1 10
cob=(4)
cfi=(181)
cfn=(2568)
calls=5 0 
* 435
+1 10
cob=(4)
cfi=(181)
cfn=(2568)
calls=5 0 
* 435
+1 10
cob=(4)
cfi=(181)
cfn=(2568)
calls=5 0 
* 473
+1 10
cob=(4)
cfi=(181)
cfn=(2568)
calls=5 0 
* 496
+1 15
+2 5
-2 5
+2 30
-2 5
cob=(4)
cfi=(181)
cfn=(2568)
calls=5 0 
* 435

fn=(2900)
721 135
+6 10
cob=(4)
cfi=(181)
cfn=(2530)
calls=5 0 
* 770
* 10
+6 10
+5 45
-5 15
+40 5
-28 15
+28 10
-28 25
+3 35
cob=(4)
cfi=(181)
cfn=(2416)
calls=5 0 
* 223
* 105
cob=(4)
cfi=(181)
cfn=(2416)
calls=15 0 
* 1060
+1 20
-1 40
+1 20
-1 20
+1 60
cob=(4)
cfi=(181)
cfn=(2416)
calls=20 0 
* 1805
+4 20
-8 20
+4 20
+1 40
-5 20
+5 20
+4 20
-9 20
+8 20
+2 20
-10 40
+17 45
+2 80
+2 10
+1 40
+6 5
-3 5
+3 15
-1 20
+1 15
-3 15
+3 45
-1 20460
+1 120
+1 120
+1 20
-5 15360
-3 100
-5 50
+25 10
cob=(4)
cfi=(181)
cfn=(2568)
calls=5 0 
* 1401
+1 15
-2 5
+2 5
-2 20
+6 75
+2 105
cob=(4)
cfi=(181)
cfn=(2902) 0x0000000005519b20
calls=15 0 
* 2145
* 35
cob=(4)
cfi=(181)
cfn=(2902)
calls=5 0 
* 1580
+1 20
-1 20
+1 60
-3 20
+3 40
cob=(4)
cfi=(181)
cfn=(2902)
calls=20 0 
* 3046
* 20
-3 105
cob=(4)
cfi=(181)
cfn=(2572)
calls=5 0 
* 110
* 15
cob=(4)
cfi=(181)
cfn=(2906) 0x0000000005519700
calls=5 0 
* 1549
-71 55
+16 5
+1 25
+7 10

fn=(2926)
802 120
+6 5
cob=(4)
cfi=(181)
cfn=(2530)
calls=5 0 
* 758
* 10
+14 3
-9 3
+9 3
-9 3
+9 21
-11 18
+3 3
-1 9
+3 3
+4 6
+2 9
-2 12
+2 6
-2 18
+2 30
cob=(4)
cfi=(181)
cfn=(2416)
calls=3 0 
* 132
* 3
+1 3
-1 3
+1 9
cob=(4)
cfi=(181)
cfn=(2416)
calls=3 0 
* 141
* 3
+1 6
-4 33
+9 18
+10 9
-9 3
+9 12
-9 15
+1 21
+1 6
+1 30
+1 18
-4 24

ob=(4)
fl=(181)
fn=(762)
0 2
cob=(2)
cfi=(203)
cfn=(766)
calls=1 3699 
0 235
cob=(1)
cfi=(190)
cfn=(636)
calls=1 71 
0 851
0 5

fn=(1188) 0x000000000010b930
0 2
cob=(2)
cfi=(236)
cfn=(1190)
calls=1 85 
0 605

fn=(1192)
0 6
cob=(2)
cfi=(203)
cfn=(676)
calls=3 3294 
0 1909

fn=(1358) 0x0000000004934ec0
0 3008
cob=(2)
cfi=(203)
cfn=(1360)
calls=1504 3359 
0 141167

fn=(1750) 0x000000000010ba10
0 22
cob=(2)
cfi=(270)
cfn=(1752)
calls=11 25 
0 2387

fn=(1786) 0x00000000053ecdc0
0 288
cob=(2)
cfi=(253)
cfn=(1268)
calls=144 255 
0 1847

fn=(1846) 0x000000000010b780
0 94
cob=(12)
cfi=(228)
cfn=(1848) fq_nmod_mpoly_one
calls=47 0 
0 15294

fn=(2024) 0x000000000010ba50
0 842
cob=(12)
cfi=(228)
cfn=(2026) fq_nmod_mpoly_equal
calls=421 0 
0 54149

fn=(2216) 0x0000000004934490
0 1366
cob=(2)
cfi=(271)
cfn=(2218)
calls=683 25 
0 236038

fn=(2222) 0x0000000004934810
0 806
cob=(2)
cfi=(273)
cfn=(2224)
calls=403 25 
0 186643

fn=(2324) 0x000000000010bbd0
0 10
cob=(11)
cfi=(227)
cfn=(2326) g_ptr_array_free
calls=5 0 
0 1315

fn=(2342) 0x000000000010bb10
0 10
cob=(11)
cfi=(227)
cfn=(2344) g_hash_table_destroy
calls=5 0 
0 4149

fn=(1214)
0 2
cob=(2)
cfi=(242)
cfn=(1216)
calls=1 53 
0 21

fn=(1282) 0x000000000010b7a0
0 16
cob=(2)
cfi=(203)
cfn=(766)
calls=8 3699 
0 2221

fn=(2652)
0 40
cob=(6)
cfi=(189)
cfn=(2656)
calls=20 0 
0 80
cob=(1)
cfi=(190)
cfn=(636)
calls=1 71 
0 1221
0 5

fn=(2658)
0 20
cob=(6)
cfi=(189)
cfn=(2662)
calls=10 0 
0 5266
cob=(1)
cfi=(190)
cfn=(636)
calls=1 71 
0 1090
0 5

fn=(2886)
0 6
cob=(10)
cfi=(275)
cfn=(2890)
calls=3 2110 
0 2226
cob=(1)
cfi=(190)
cfn=(636)
calls=1 71 
0 792
0 5

fn=(3112)
0 4

fn=(3140) 0x00000000049343c0
0 2
cob=(2)
cfi=(297)
cfn=(3098)
calls=1 30 
0 78

fn=(1028)
0 7

fn=(714)
0 2
cob=(2)
cfi=(211)
cfn=(718)
calls=1 30 
0 40
cob=(1)
cfi=(190)
cfn=(636)
calls=1 71 
0 1426
0 5

fn=(728)
0 2
cob=(2)
cfi=(213)
cfn=(732)
calls=1 35 
0 104
cob=(1)
cfi=(190)
cfn=(636)
calls=1 71 
0 968
0 5

fn=(1768) 0x000000000010b830
0 198
cob=(12)
cfi=(228)
cfn=(1404) fq_nmod_mpoly_set
calls=99 0 
0 30181

fn=(1830) 0x000000000010bb20
0 1346
cob=(12)
cfi=(228)
cfn=(1354) flint_free
calls=673 0 
0 72261

fn=(1116) 0x00000000053ecca0
0 182
cob=(2)
cfi=(203)
cfn=(1118)
calls=91 3407 
0 21107

fn=(2646)
0 40
cob=(6)
cfi=(189)
cfn=(2650)
calls=20 0 
0 160
cob=(1)
cfi=(190)
cfn=(636)
calls=1 71 
0 1256
0 5

fn=(2876) 0x000000000010bbe0
0 10
cob=(2)
cfi=(287)
cfn=(2878)
calls=5 404 
0 397

fn=(3052) 0x000000000010b640
0 4
cob=(2)
cfi=(288)
cfn=(3054)
calls=2 28 
0 1837

fn=(3066) 0x000000000010b9f0
0 2
cob=(12)
cfi=(228)
cfn=(3068) fq_nmod_mpoly_ctx_clear
calls=1 0 
0 596

fn=(3096) 0x000000000010b620
0 2
cob=(2)
cfi=(297)
cfn=(3098)
calls=1 30 
0 78

fn=(3186)
0 4

fn=(3258)
0 4

fn=(1008)
0 7

fn=(630)
0 2
cob=(2)
cfi=(192)
cfn=(642)
calls=1 32 
0 467
cob=(1)
cfi=(190)
cfn=(636)
calls=1 71 
0 867
0 5

fn=(672)
0 26
cob=(2)
cfi=(203)
cfn=(676)
calls=13 3294 
0 3371
cob=(1)
cfi=(190)
cfn=(636)
calls=1 71 
0 927
0 5

fn=(834)
0 20
cob=(2)
cfi=(216)
cfn=(838)
calls=10 24 
0 9141
cob=(1)
cfi=(190)
cfn=(636)
calls=1 71 
0 944
0 5

fn=(844)
0 352
cob=(2)
cfi=(215)
cfn=(802)
calls=176 206 
0 4929

fn=(1800) 0x000000000010b660
0 70
cob=(11)
cfi=(227)
cfn=(1802) g_array_free
calls=35 0 
0 9690

fn=(1838) 0x000000000010b9b0
0 322
cob=(12)
cfi=(228)
cfn=(1840) fq_nmod_mpoly_get_term_exp_ui
calls=161 0 
0 11914

fn=(2260) 0x00000000053ec3c0
0 10
cob=(2)
cfi=(253)
cfn=(2262)
calls=5 249 
0 95

fn=(1184) 0x000000000010b6d0
0 14
cob=(2)
cfi=(217)
cfn=(842)
calls=7 52 
0 98

fn=(1038)
0 7

fn=(1048)
0 7

fn=(2386) 0x000000000010b8f0
0 10
cob=(10)
cfi=(274)
cfn=(2388)
calls=5 21 
0 1762

fn=(2398) 0x000000000010bb40
0 10
cob=(10)
cfi=(276)
cfn=(2400) splice_fl_matrix_sparse_dense_2
calls=5 1608 
0 873664

fn=(2410) 0x0000000005519c30
0 10
cob=(10)
cfi=(275)
cfn=(2414)
calls=5 6655 
0 5860
cob=(1)
cfi=(190)
cfn=(636)
calls=1 71 
0 736
0 5

fn=(2422)
0 66
cob=(2)
cfi=(212)
cfn=(2426)
calls=33 152 
0 626
cob=(1)
cfi=(190)
cfn=(636)
calls=1 71 
0 971
0 5

fn=(2432) 0x0000000005519890
0 40
cob=(2)
cfi=(212)
cfn=(722)
calls=20 158 
0 280
cob=(1)
cfi=(190)
cfn=(636)
calls=1 71 
0 894
0 5

fn=(2572)
0 36
cob=(6)
cfi=(189)
cfn=(2576)
calls=18 0 
0 360
cob=(1)
cfi=(190)
cfn=(636)
calls=1 71 
0 1319
0 5

fn=(3158) 0x00000000053ebf60
0 2
cob=(2)
cfi=(297)
cfn=(3098)
calls=1 30 
0 78

fn=(3230) 0x0000000005353210
0 1
cob=(2)
cfi=(297)
cfn=(3098)
calls=1 30 
0 78

fn=(1138)
0 7

fn=(864)
0 4
cob=(2)
cfi=(218)
cfn=(868)
calls=2 28 
0 2036
cob=(1)
cfi=(190)
cfn=(636)
calls=1 71 
0 1051
0 5

fn=(964)
0 4
cob=(2)
cfi=(221)
cfn=(968)
calls=2 25 
0 45
cob=(1)
cfi=(190)
cfn=(636)
calls=1 71 
0 982
0 5

fn=(1796) 0x000000000010b9d0
0 770
cob=(12)
cfi=(228)
cfn=(1798) fq_nmod_mpoly_get_term_monomial
calls=385 0 
0 44669

fn=(1850) 0x000000000010b6e0
0 94
cob=(12)
cfi=(228)
cfn=(1852) fq_nmod_mpoly_set_term_exp_ui
calls=47 0 
0 33308

fn=(1990) 0x000000000010b7d0
0 100
cob=(11)
cfi=(227)
cfn=(1992) g_array_remove_index
calls=50 0 
0 2152

fn=(2286) 0x000000000010b950
0 220
cob=(2)
cfi=(203)
cfn=(1360)
calls=110 3359 
0 10890

fn=(1218) 0x000000000010bba0
0 2
cob=(2)
cfi=(243)
cfn=(1220)
calls=1 25 
0 2070

fn=(2374) 0x000000000010bb00
0 10
cob=(12)
cfi=(228)
cfn=(1586) fq_nmod_init
calls=5 0 
0 475

fn=(2460)
0 80
cob=(6)
cfi=(189)
cfn=(2464)
calls=40 0 
0 9467930
cob=(1)
cfi=(190)
cfn=(636)
calls=1 71 
0 1207
0 5

fn=(2638)
0 100
cob=(2)
cfi=(203)
cfn=(1360)
calls=50 3359 
0 11469

fn=(2744)
0 10
cob=(10)
cfi=(275)
cfn=(2748)
calls=5 283 
0 4048883
cob=(1)
cfi=(190)
cfn=(636)
calls=1 71 
0 924
0 5

fn=(2896) 0x000000000010b910
0 10
cob=(10)
cfi=(276)
cfn=(2898)
calls=5 698 
0 73185

fn=(2946) 0x000000000010b8e0
0 10
cob=(12)
cfi=(228)
cfn=(1614) fq_nmod_clear
calls=5 0 
0 490

fn=(3072) 0x000000000010ba60
0 2
cob=(12)
cfi=(228)
cfn=(3070) fq_nmod_ctx_clear
calls=1 0 
0 593

fn=(3204)
0 4

fn=(1330) 0x0000000004934bf0
0 4
cob=(2)
cfi=(254)
cfn=(1286)
calls=2 64 
0 56

fn=(1396) 0x00000000049347b0
0 2190
cob=(2)
cfi=(212)
cfn=(722)
calls=1095 158 
0 14160

fn=(1414) 0x00000000049346d0
0 52
cob=(2)
cfi=(215)
cfn=(802)
calls=26 206 
0 234

fn=(1514) 0x0000000004934d90
0 1132
cob=(2)
cfi=(255)
cfn=(1516)
calls=566 40 
0 2264

fn=(1638) 0x000000000010b890
0 2
cob=(2)
cfi=(256)
cfn=(1640)
calls=1 34 
0 586

fn=(1652)
0 4
cob=(2)
cfi=(203)
cfn=(1360)
calls=2 3359 
0 253

fn=(1814) 0x00000000053ebf50
0 204
cob=(2)
cfi=(203)
cfn=(1360)
calls=102 3359 
0 9251

fn=(1986) 0x000000000010b630
0 14
cob=(12)
cfi=(228)
cfn=(1988) fq_nmod_mpoly_is_one
calls=7 0 
0 133

fn=(2206) 0x000000000010bc10
0 10
cob=(11)
cfi=(227)
cfn=(1098) g_hash_table_new
calls=5 0 
0 2586

fn=(2296) 0x000000000010baa0
0 10
cob=(11)
cfi=(227)
cfn=(2298) g_hash_table_get_values_as_ptr_array
calls=5 0 
0 3444

fn=(2318) 0x000000000010b770
0 10
cob=(11)
cfi=(227)
cfn=(2320) g_array_insert_vals
calls=5 0 
0 1664

fn=(2358) 0x00000000053ec020
0 32
cob=(2)
cfi=(212)
cfn=(722)
calls=16 158 
0 206

fn=(1266)
0 1674
cob=(2)
cfi=(253)
cfn=(1268)
calls=837 255 
0 13639

fn=(1272) 0x000000000010b740
0 434
cob=(12)
cfi=(228)
cfn=(1274) flint_calloc
calls=217 0 
0 42166

fn=(1278) 0x0000000004934920
0 434
cob=(2)
cfi=(203)
cfn=(766)
calls=217 3699 
0 38694

fn=(2378) 0x000000000010ba40
0 108
cob=(12)
cfi=(228)
cfn=(2380) fq_nmod_mpoly_get_term_coeff_fq_nmod
calls=54 0 
0 2754

fn=(2416)
0 504
cob=(2)
cfi=(203)
cfn=(676)
calls=252 3294 
0 30841
cob=(1)
cfi=(190)
cfn=(636)
calls=1 71 
0 932
0 5

fn=(2486)
0 80
cob=(2)
cfi=(203)
cfn=(2490)
calls=40 3543 
0 30715
cob=(1)
cfi=(190)
cfn=(636)
calls=1 71 
0 863
0 5

ob=(10)
fl=(276)
fn=(2926)
830 7
+9 18
cob=(4)
cfi=(181)
cfn=(2902)
calls=3 0 
* 429
* 3
+1 6
-1 3
+1 6
-13 3
+13 6
cob=(4)
cfi=(181)
cfn=(2902)
calls=3 0 
* 429
* 3
+2 12
cob=(4)
cfi=(181)
cfn=(2568)
calls=3 0 
* 261
+1 9
cob=(4)
cfi=(181)
cfn=(2568)
calls=3 0 
* 261
+1 6
-17 6
+17 3
-17 30
cob=(4)
cfi=(181)
cfn=(2572)
calls=3 0 
* 66
* 11
cob=(4)
cfi=(181)
cfn=(2580)
calls=5 0 
* 205
-25 55

fn=(2400)
1608 110
+3 15
+4 5
fi=(278) /home/kirill/gbla-0.2/./src/matrix.h
409 5
fe=(276)
1615 5
fi=(278)
486 10
+2 5
-2 5
fe=(276)
1615 5
fi=(278)
486 5
-77 25
+88 5
-88 5
+88 20
cob=(4)
cfi=(181)
cfn=(2416)
calls=5 0 
* 639
* 15
+1 10
+1 25
cob=(4)
cfi=(181)
cfn=(2416)
calls=5 0 
* 380
* 15
+1 15
+4 5
-3 5
-1 10
-2 15
fe=(276)
1616 10
fi=(278)
385 5
614 5
-10 5
fe=(276)
1616 5
fi=(278)
604 5
+2 5
fe=(276)
1616 10
fi=(278)
604 5
fe=(276)
1616 5
fi=(278)
604 5
385 20
614 10
cob=(4)
cfi=(181)
cfn=(2416)
calls=5 0 
* 763
+4 5
-4 15
+4 5
-2 5
+2 5
385 5
616 5
+2 15
-2 10
cob=(4)
cfi=(181)
cfn=(2416)
calls=5 0 
* 639
* 10
+1 10
+1 15
cob=(4)
cfi=(181)
cfn=(2432)
calls=5 0 
* 974
-3 20
fe=(276)
1617 10
fi=(278)
397 5
+89 5
fe=(276)
1617 5
fi=(278)
488 5
fe=(276)
1617 5
fi=(278)
486 5
fe=(276)
1617 5
fi=(278)
486 10
-89 20
497 25
cob=(4)
cfi=(181)
cfn=(2416)
calls=5 0 
* 639
* 10
+1 10
+1 35
cob=(4)
cfi=(181)
cfn=(2416)
calls=5 0 
* 380
+1 10
-1 5
+1 35
+4 5
-3 5
-1 15
-2 15
604 10
+12 5
-2 5
+2 5
-12 5
+1 5
+1 5
+8 5
-9 5
+9 5
cob=(4)
cfi=(181)
cfn=(2416)
calls=5 0 
* 781
* 10
+1 5
+3 15
-2 10
cob=(4)
cfi=(181)
cfn=(2416)
calls=5 0 
* 1017
* 10
+1 10
+1 15
cob=(4)
cfi=(181)
cfn=(2432)
calls=5 0 
* 75
-3 15
fe=(276)
1627 10
fi=(279)
-73 35
-1 10
cob=(4)
cfi=(181)
cfn=(2416)
calls=5 0 
* 781
* 5
+5 20
-2 10
+3 66
+1 20
+2 66
+1 21
-5 99
+11 5
+3 5
-3 5
+3 5
+1 10
+1 55
cob=(4)
cfi=(181)
cfn=(2432)
calls=5 0 
* 85
fe=(276)
+54 5
fi=(279)
2814 25
cob=(4)
cfi=(181)
cfn=(2438) 0x00000000055198a0
calls=5 0 
* 2723
+1 85
cob=(4)
cfi=(181)
cfn=(2460)
calls=5 0 
* 571158
fe=(276)
1631 10
cob=(4)
cfi=(181)
cfn=(2568)
calls=5 0 
* 477
+3 15
fi=(279)
-80 5
fe=(276)
+80 5
fi=(279)
-80 25
-1 10
cob=(4)
cfi=(181)
cfn=(2416)
calls=5 0 
* 220
+5 5
-2 5
+2 5
-5 5
+5 30
+1 54
fe=(276)

ob=(4)
fl=(181)
fn=(2580)
0 30
cob=(6)
cfi=(189)
cfn=(2584)
calls=15 0 
0 585
cob=(1)
cfi=(190)
cfn=(636)
calls=1 71 
0 1203
0 5

fn=(2846)
0 10
cob=(10)
cfi=(275)
cfn=(2850)
calls=5 840 
0 4376244
cob=(1)
cfi=(190)
cfn=(636)
calls=1 71 
0 887
0 5

fn=(2882) 0x000000000010b6a0
0 10
cob=(10)
cfi=(275)
cfn=(2884)
calls=5 2456 
0 3438

fn=(3132)
0 4

fn=(3176)
0 2
cob=(2)
cfi=(297)
cfn=(3098)
calls=1 30 
0 78

fn=(3248)
0 2
cob=(2)
cfi=(297)
cfn=(3098)
calls=1 30 
0 78

fn=(3262)
0 4
cob=(2)
cfi=(300)
cfn=(3266)
calls=2 25 
0 32
cob=(1)
cfi=(190)
cfn=(636)
calls=1 71 
0 970
0 5

fn=(1126) 0x00000000053ecae0
0 18
cob=(2)
cfi=(203)
cfn=(766)
calls=9 3699 
0 1873

fn=(1074) 0x00000000053ec960
0 4
cob=(2)
cfi=(216)
cfn=(838)
calls=2 24 
0 2718

fn=(656)
0 10
cob=(2)
cfi=(198)
cfn=(658)
calls=5 61 
0 95

fn=(706)
0 2
cob=(2)
cfi=(210)
cfn=(710)
calls=1 23 
0 3
cob=(1)
cfi=(190)
cfn=(636)
calls=1 71 
0 928
0 5

fn=(840)
0 2000
cob=(2)
cfi=(217)
cfn=(842)
calls=1000 52 
0 14000

fn=(924)
0 2
cob=(2)
cfi=(219)
cfn=(928)
calls=1 32 
0 24
cob=(1)
cfi=(190)
cfn=(636)
calls=1 71 
0 960
0 5

fn=(1664) 0x000000000010ba70
0 4
cob=(2)
cfi=(257)
cfn=(1666)
calls=2 33 
0 2866

fn=(1704) 0x0000000004934750
0 1966
cob=(2)
cfi=(260)
cfn=(1706)
calls=983 54 
0 23203

fn=(1708) 0x0000000004935390
0 414
cob=(2)
cfi=(261)
cfn=(1710)
calls=207 25 
0 111222

fn=(1730)
0 300
cob=(2)
cfi=(253)
cfn=(1732)
calls=150 242 
0 2729

fn=(1760) 0x000000000010b880
0 70
cob=(11)
cfi=(227)
cfn=(1762) g_array_new
calls=35 0 
0 5630

fn=(2238) 0x000000000010b8a0
0 108
cob=(11)
cfi=(227)
cfn=(2240) g_hash_table_lookup
calls=54 0 
0 7485

fn=(1314) 0x0000000004935010
0 2804
cob=(2)
cfi=(203)
cfn=(676)
calls=1402 3294 
0 89452

fn=(2382) 0x000000000010b700
0 108
cob=(12)
cfi=(228)
cfn=(2384) fq_nmod_get_fmpz
calls=54 0 
0 1350

fn=(2868) 0x000000000010b720
0 14
cob=(2)
cfi=(212)
cfn=(722)
calls=7 158 
0 105

fn=(2950)
0 2
cob=(10)
cfi=(275)
cfn=(2394)
calls=1 6215 
0 48
cob=(1)
cfi=(190)
cfn=(636)
calls=1 71 
0 736
0 5

fn=(3222)
0 4

fn=(3290)
0 4

fn=(1018)
0 7

fn=(796)
0 164
cob=(2)
cfi=(215)
cfn=(802)
calls=82 206 
0 2636
cob=(1)
cfi=(190)
cfn=(636)
calls=1 71 
0 932
0 5

fn=(1328) 0x00000000049346b0
0 1502
cob=(2)
cfi=(217)
cfn=(842)
calls=751 52 
0 10514

fn=(1474) 0x00000000049344b0
0 384
cob=(8)
cfi=(223)
cfn=(1476) __gmpn_mul_1
calls=192 0 
0 7008

fn=(1700) 0x0000000004934440
0 1966
cob=(2)
cfi=(259)
cfn=(1702)
calls=983 87 
0 35528

fn=(1770) 0x000000000010b7e0
0 278
cob=(11)
cfi=(227)
cfn=(1772) g_array_append_vals
calls=139 0 
0 32800

fn=(1866) 0x000000000010b800
0 14
cob=(12)
cfi=(228)
cfn=(1868) fq_nmod_mpoly_gcd
calls=7 0 
0 12114

fn=(2032) 0x000000000010bb60
0 310
cob=(12)
cfi=(228)
cfn=(2034) fq_nmod_mpoly_cmp
calls=155 0 
0 19593

fn=(2036) 0x000000000010bbc0
0 168
cob=(12)
cfi=(228)
cfn=(2038) fq_nmod_mpoly_divides
calls=84 0 
0 93533

fn=(2244) 0x000000000010b7b0
0 66
cob=(11)
cfi=(227)
cfn=(2246) g_hash_table_insert
calls=33 0 
0 9907

fn=(2438)
0 20
cob=(6)
cfi=(189)
cfn=(2442)
calls=10 0 
0 1583
cob=(1)
cfi=(190)
cfn=(636)
calls=1 71 
0 1205
0 5

fn=(2452)
0 4
cob=(2)
cfi=(280)
cfn=(2456)
calls=2 25 
0 74
cob=(1)
cfi=(190)
cfn=(636)
calls=1 71 
0 1138
0 5

fn=(2558)
0 16
cob=(2)
cfi=(203)
cfn=(766)
calls=8 3699 
0 769722
cob=(1)
cfi=(190)
cfn=(636)
calls=1 71 
0 851
0 5

fn=(2568)
0 15786
cob=(2)
cfi=(203)
cfn=(1360)
calls=7893 3359 
0 592704
cob=(1)
cfi=(190)
cfn=(636)
calls=1 71 
0 840
0 5

fn=(2640) 0x000000000010b670
0 10
cob=(10)
cfi=(275)
cfn=(2642)
calls=5 256 
0 4116321

fn=(2828)
0 20
cob=(6)
cfi=(189)
cfn=(2832)
calls=10 0 
0 340
cob=(1)
cfi=(190)
cfn=(636)
calls=1 71 
0 1076
0 5

fn=(2864) 0x000000000010b650
0 20
cob=(3)
cfi=(285) ./math/../sysdeps/x86_64/fpu/multiarch/s_ceil-sse4_1.S
cfn=(2866) __ceil_sse41
calls=10 21 
0 30

fn=(2944) 0x000000000010b940
0 92
cob=(12)
cfi=(228)
cfn=(1550) fq_nmod_mpoly_add
calls=46 0 
0 12029

fn=(3150)
0 4

fn=(3194) 0x000000000555b220
0 2
cob=(2)
cfi=(297)
cfn=(3098)
calls=1 30 
0 78

fn=(720)
0 18
cob=(2)
cfi=(212)
cfn=(722)
calls=9 158 
0 766972

fn=(1158)
0 7

ob=(10)
fl=(276)
fn=(2400)
fi=(279)
1560 7
+2 54
+1 30
-5 81
+14 5
-3 5
+3 5
+1 10
+1 55
cob=(4)
cfi=(181)
cfn=(2432)
calls=5 0 
* 85
fe=(276)
+61 5
fi=(279)
2814 15
cob=(4)
cfi=(181)
cfn=(2438)
calls=5 0 
* 90
+1 80
cob=(4)
cfi=(181)
cfn=(2460)
calls=5 0 
* 280815
fe=(276)
1638 15
+2 5
-2 5
+2 30
-2 5
cob=(4)
cfi=(181)
cfn=(2568)
calls=5 0 
* 435
-26 10
cob=(4)
cfi=(181)
cfn=(2402) 0x00000000055197d0
calls=5 0 
* 8395
* 5

fn=(2408) construct_fl_map
24 30
+2 5
cob=(4)
cfi=(181)
cfn=(2410)
calls=5 -26 
* 6611
+8 15
+1 10
-6 10
+7 54
+1 162
+4 7
+1 7
-1 14

ob=(4)
fl=(181)
fn=(1366) 0x000000000010b730
0 2
cob=(12)
cfi=(228)
cfn=(1368) fq_nmod_mpoly_ctx_init
calls=1 0 
0 8793

fn=(1378) 0x000000000010b8b0
0 6
cob=(12)
cfi=(228)
cfn=(1380) fq_nmod_mpoly_set_str_pretty
calls=3 0 
0 52058

fn=(1400) 0x0000000004934b00
0 408
cob=(2)
cfi=(253)
cfn=(1268)
calls=204 255 
0 2600

fn=(1692) 0x000000000010baf0
0 18
cob=(12)
cfi=(228)
cfn=(1694) fq_nmod_mpoly_print_pretty
calls=9 0 
0 163316

fn=(1720)
0 5180
cob=(2)
cfi=(242)
cfn=(1722)
calls=2590 53 
0 49210

fn=(2012) 0x000000000010ba20
0 54
cob=(12)
cfi=(228)
cfn=(1454) fq_nmod_mpoly_mul
calls=27 0 
0 66859

fn=(2016) 0x000000000010b8d0
0 10
cob=(11)
cfi=(227)
cfn=(2018) g_array_remove_range
calls=5 0 
0 220

fn=(2208) 0x000000000010b6b0
0 108
cob=(12)
cfi=(228)
cfn=(2210) fq_nmod_mpoly_get_str_pretty
calls=54 0 
0 725502

fn=(2370) 0x000000000010b9c0
0 256
cob=(2)
cfi=(203)
cfn=(676)
calls=128 3294 
0 10176

fn=(1168)
0 2
cob=(1)
cfi=(48)
cfn=(1170)
calls=1 118 
0 5

fn=(1288) 0x000000000010b6c0
0 2
cob=(12)
cfi=(228)
cfn=(1290) fq_nmod_ctx_init
calls=1 0 
0 13421

fn=(1318) 0x0000000004935380
0 114
cob=(2)
cfi=(203)
cfn=(1118)
calls=57 3407 
0 2592

fn=(1106) 0x00000000053ec2f0
0 106
cob=(2)
cfi=(203)
cfn=(676)
calls=53 3294 
0 4527

fn=(2372) 0x000000000010b760
0 118
cob=(12)
cfi=(228)
cfn=(1296) fmpz_get_ui
calls=59 0 
0 590

fn=(2392) 0x000000000010b710
0 54
cob=(10)
cfi=(275)
cfn=(2394)
calls=27 6215 
0 582

fn=(2402)
0 10
cob=(10)
cfi=(276)
cfn=(2408)
calls=5 24 
0 7616
cob=(1)
cfi=(190)
cfn=(636)
calls=1 71 
0 764
0 5

fn=(2530)
0 40
cob=(6)
cfi=(189)
cfn=(2534)
calls=20 0 
0 3028
cob=(1)
cfi=(190)
cfn=(636)
calls=1 71 
0 1300
0 5

fn=(2664)
0 20
cob=(2)
cfi=(253)
cfn=(1268)
calls=10 255 
0 120
cob=(1)
cfi=(190)
cfn=(636)
calls=1 71 
0 1101
0 5

fn=(2682)
0 20
cob=(6)
cfi=(189)
cfn=(2686)
calls=10 0 
0 8431053
cob=(1)
cfi=(190)
cfn=(636)
calls=1 71 
0 1198
0 5

fn=(2838) 0x000000000010b680
0 10
cob=(10)
cfi=(275)
cfn=(2840)
calls=5 672 
0 4436545

fn=(2906)
0 10
cob=(6)
cfi=(189)
cfn=(2910)
calls=5 0 
0 420
cob=(1)
cfi=(190)
cfn=(636)
calls=1 71 
0 1114
0 5

fn=(3122) 0x000000000483d030
0 2
cob=(2)
cfi=(297)
cfn=(3098)
calls=1 30 
0 78

fn=(616)
0 7

fn=(572)
0 42
cob=(1)
cfi=(11)
cfn=(28)
calls=21 387 
0 493

fn=(610)
0 2
cob=(2)
cfi=(187)
cfn=(612)
calls=1 53 
0 22

fn=(1998) 0x00000000053ec8e0
0 42
cob=(2)
cfi=(253)
cfn=(1268)
calls=21 255 
0 316

fn=(2314) 0x000000000010bab0
0 10
cob=(11)
cfi=(227)
cfn=(2316) g_hash_table_size
calls=5 0 
0 25

fn=(596)
0 7

fn=(1258) 0x000000000010ba90
0 8
cob=(2)
cfi=(251)
cfn=(1260)
calls=4 32 
0 686

fn=(1284) 0x000000000010b860
0 6
cob=(2)
cfi=(254)
cfn=(1286)
calls=3 64 
0 84

fn=(1058)
0 7

fn=(2752)
0 5120
cob=(2)
cfi=(203)
cfn=(2756)
calls=2560 5783 
0 586382
cob=(1)
cfi=(190)
cfn=(636)
calls=1 71 
0 958
0 5

ob=(10)
fl=(276)
fn=(2408)
34 81
+1 108
+23 5
-6 5
+6 10
+1 10
-5 15
+6 20
+1 20
-1 20
+1 20
+1 20
-1 20
-3 60
+1 66
+5 13
+1 13
-1 13
+1 13
+1 13
-1 13
-7 39
+11 20

ob=(4)
fl=(181)
fn=(2902)
0 92
cob=(2)
cfi=(203)
cfn=(1118)
calls=46 3407 
0 6672
cob=(1)
cfi=(190)
cfn=(636)
calls=1 71 
0 860
0 5

fn=(2932) 0x000000000010b690
0 92
cob=(12)
cfi=(228)
cfn=(2934) fq_nmod_set_ui
calls=46 0 
0 4140

fn=(2938) 0x000000000010b8c0
0 92
cob=(12)
cfi=(228)
cfn=(2940) fq_nmod_mpoly_scalar_mul_fq_nmod
calls=46 0 
0 9923

fn=(3168)
0 4

fn=(3212)
0 2
cob=(2)
cfi=(297)
cfn=(3098)
calls=1 30 
0 78

fn=(3240)
0 4

fn=(3280)
0 2
cob=(2)
cfi=(297)
cfn=(3098)
calls=1 30 
0 78

ob=(10)
fl=(276)
fn=(2408)
38 20
+1 40
+6 14

ob=(12)
fl=(228)
fn=(1334) _nmod_poly_reverse
0 56

fn=(1348) _nmod_poly_inv_series_basecase_preinv1
0 68
cfn=(1350) _nmod_vec_dot_bound_limbs
calls=2 0 
0 62
0 180

fn=(1384) mpoly_parse_init
0 30
cfn=(1322) flint_malloc
calls=3 0 
0 325
0 21
cfn=(1322)
calls=3 0 
0 319
0 207
cfn=(1386) 0x0000000000403d60
calls=27 0 
0 189
0 18
cfn=(1386)
calls=3 0 
0 21
0 72
cfn=(1322)
calls=3 0 
0 328
0 12
cfn=(1322)
calls=3 0 
0 325
0 162
cfn=(1386)
calls=12 0 
0 84
0 33
cfn=(1386)
calls=3 0 
0 21
0 42

fn=(1408) fq_nmod_mpoly_fit_length
0 1358
cfn=(1310) flint_realloc
calls=46 0 
0 4200
0 506
cfn=(1310)
calls=46 0 
0 6692
0 322

fn=(1428) 0x00000000002acd40
0 323
cfn=(1424) 0x0000000000403da0
calls=6 0 
0 96
0 519
cfn=(1452) 0x0000000000404c30
calls=6 0 
0 12542
0 18
cfn=(1538) 0x0000000000403de0
calls=2 0 
0 6
0 12
cfn=(1538)
calls=2 0 
0 6
0 30
cfn=(1548) 0x000000000040e880
calls=2 0 
0 1803
0 14
cfn=(1538)
calls=1 0 
0 3
0 6
cfn=(1538)
calls=1 0 
0 3
0 13
cfn=(1628) 0x000000000040b6c0
calls=1 0 
0 864
0 4

fn=(1480) _mpoly_heap_pop1
0 1875

fn=(1486) _n_fq_reduce
0 4532

fn=(1566) mpoly_parse_clear
0 24
cfn=(1354)
calls=3 0 
0 273
0 30
cfn=(1568) 0x00000000004043f0
calls=3 0 
0 594
0 162
cfn=(1568)
calls=27 0 
0 1518
0 66
cfn=(1354)
calls=3 0 
0 273
0 27
cfn=(1354)
calls=3 0 
0 336
0 60
cfn=(1354)
calls=12 0 
0 1038
0 90
cfn=(1568)
calls=15 0 
0 2919
0 36
cfn=(1354)
calls=3 0 
0 273
0 15
cfn=(1354)
calls=3 0 
0 273

fn=(1598) _fq_nmod_pow
0 60
cfn=(1322)
calls=2 0 
0 400
0 22
cob=(4)
cfi=(181)
cfn=(1396)
calls=2 0 
0 30
0 8
cob=(4)
cfi=(181)
cfn=(1396)
calls=2 0 
0 30
0 12
cfn=(1600) fmpz_bits
calls=2 0 
0 30
0 12
cfn=(1602) fmpz_tstbit
calls=2 0 
0 28
0 48
cfn=(1604) _nmod_poly_mul
calls=2 0 
0 114
0 12
cfn=(1608) _fq_nmod_reduce
calls=2 0 
0 76
0 6
cfn=(1602)
calls=2 0 
0 28
0 34
cfn=(1354)
calls=2 0 
0 182
0 22
cfn=(1604)
calls=2 0 
0 114
0 14
cfn=(1608)
calls=2 0 
0 76
0 12

fn=(1604)
0 24
cfn=(1606) _nmod_poly_mul_classical
calls=4 0 
0 204

fn=(1606)
0 204

fn=(1736) n_fq_fprint_pretty
0 504
cfn=(1698) flint_fprintf
calls=18 0 
0 35334
0 198

fn=(1742) mpoly_get_monomial_ffmpz
0 4424
cfn=(1460) mpoly_unpack_vec_fmpz
calls=79 0 
0 8848
0 6715

fn=(1852)
0 893
cfn=(1854) mpoly_exp_bits_required_ui
calls=47 0 
0 1312
0 282
cfn=(1856) fq_nmod_mpoly_fit_length_fit_bits
calls=47 0 
0 21985
0 799
cfn=(1864) mpoly_set_monomial_ui
calls=47 0 
0 7943
0 94

fn=(1896) mpoly_min_fields_fmpz
0 672
cfn=(1460)
calls=7 0 
0 784
0 105

fn=(2230) nmod_poly_get_str_pretty
0 2484
cfn=(1322)
calls=54 0 
0 4552
0 378
cfn=(2214) flint_sprintf
calls=54 0 
0 92511
0 702

fn=(1296)
0 910

fn=(3070)
0 16
cfn=(1352) nmod_poly_clear
calls=2 0 
0 234
0 4
cfn=(1352)
calls=2 0 
0 234
0 14
cfn=(1354)
calls=2 0 
0 224
0 4
cfn=(1354)
calls=2 0 
0 224
0 8
cfn=(1354)
calls=2 0 
0 224

fn=(1322)
0 5649
cfn=(1312) 0x00000000000df8e0
calls=807 0 
0 48517
0 4035

fn=(1324) n_gcdinv
0 648

fn=(1340) nmod_poly_init2
0 24
cfn=(1300) n_preinvert_limb
calls=2 0 
0 106
0 20
cfn=(1342) nmod_poly_init2_preinv
calls=2 0 
0 474

fn=(1350)
0 62

fn=(1352)
0 350
cfn=(1354)
calls=70 0 
0 6832

fn=(1380)
0 66
cfn=(1382) mpoly_void_ring_init_fq_nmod_mpoly_ctx
calls=3 0 
0 165
0 6
cfn=(1384)
calls=3 0 
0 2209
0 57
cfn=(1398) mpoly_parse_add_terminal
calls=9 0 
0 5335
0 63
cfn=(1388) fq_nmod_mpoly_gen
calls=9 0 
0 1804
0 27
cfn=(1406) fq_nmod_mpoly_set_fq_nmod_gen
calls=3 0 
0 570
0 12
cfn=(1398)
calls=3 0 
0 1629
0 12
cfn=(1354)
calls=3 0 
0 273
0 12
cfn=(1354)
calls=3 0 
0 273
0 9
cob=(4)
cfi=(181)
cfn=(1328)
calls=3 0 
0 48
0 15
cfn=(1412) mpoly_parse_parse
calls=3 0 
0 31421
0 9
cfn=(1566)
calls=3 0 
0 8007
0 36

fn=(1392) fq_nmod_mpoly_fit_length_reset_bits
0 19257
cfn=(1310)
calls=271 0 
0 20965
0 2981
cfn=(1310)
calls=271 0 
0 25408
0 2168

fn=(1466) _fmpz_vec_max_bits
0 5203

fn=(1552) _fq_nmod_mpoly_add
0 3635

fn=(1558) 0x00000000002a8670
0 57
cfn=(1424)
calls=3 0 
0 48
0 21

fn=(1610) _fq_nmod_sparse_reduce
0 132

fn=(1628)
0 2
cfn=(1630) fq_nmod_mpoly_sub
calls=1 0 
0 862

fn=(1630)
0 58
cfn=(1468) mpoly_get_cmpmask
calls=1 0 
0 36
0 38
cfn=(1392)
calls=1 0 
0 321
0 13
cfn=(1632) _fq_nmod_mpoly_sub
calls=1 0 
0 185
0 21
cfn=(1354)
calls=1 0 
0 91
0 4
cfn=(1354)
calls=1 0 
0 91
0 4

fn=(1840)
0 1771
cfn=(1842) mpoly_get_monomial_ui_sp
calls=161 0 
0 10143

fn=(1942) 0x00000000003cca60
0 224

fn=(1292) _fq_nmod_ctx_init_conway
0 19
cfn=(1294) fmpz_cmp_ui
calls=1 0 
0 17
0 728
cfn=(1294)
calls=358 0 
0 6086
0 3588
cfn=(1296)
calls=1 0 
0 10
0 3
cfn=(1298) nmod_poly_init
calls=1 0 
0 79
0 11
cfn=(1304) nmod_poly_set_coeff_ui
calls=1 0 
0 267
0 6
cfn=(1304)
calls=1 0 
0 123
0 4
cfn=(1320) fq_nmod_ctx_init_modulus
calls=1 0 
0 2349
0 2
cfn=(1352)
calls=1 0 
0 96
0 2

fn=(1310)
0 5273
cfn=(1316) 0x00000000000df8f0
calls=57 0 
0 2820
0 4450
cfn=(1312)
calls=595 0 
0 46543
0 595

fn=(2942) fq_nmod_is_one
0 552

fn=(1326) n_ll_mod_preinv
0 156

fn=(1342)
0 1950
cfn=(1322)
calls=65 0 
0 4240
0 65

fn=(1406)
0 57
cfn=(1408)
calls=3 0 
0 87
0 9
cfn=(1410) n_fq_gen
calls=3 0 
0 315
0 18
cob=(4)
cfi=(181)
cfn=(1396)
calls=3 0 
0 45
0 39

fn=(1416) 0x00000000002ad400
0 384
cfn=(1424)
calls=12 0 
0 192
0 96

fn=(1460)
0 42560

fn=(1528) fmpz_sgn
0 84

fn=(1586)
0 378
cfn=(1342)
calls=63 0 
0 5781

fn=(1634) _nmod_vec_neg
0 266

fn=(1744) parse_fmt
0 3339
cob=(4)
cfi=(181)
cfn=(1514)
calls=159 0 
0 954
0 3498

fn=(1746) fmpz_fprint
0 108
cfn=(1698)
calls=12 0 
0 23724

fn=(1858) mpoly_repack_monomials
0 3956
cfn=(1860) mpoly_unpack_vec_ui
calls=46 0 
0 3082
0 276
cfn=(1862) mpoly_pack_vec_ui
calls=46 0 
0 2898
0 460

fn=(1868)
0 112
cfn=(1870) _fq_nmod_mpoly_gcd_algo
calls=7 0 
0 11974
0 28

fn=(1870)
0 455
cfn=(1896)
calls=7 0 
0 1561
0 294
cfn=(1914) mpoly_get_monomial_ffmpz_unpacked_ffmpz
calls=7 0 
0 945
0 301
cfn=(1742)
calls=7 0 
0 1771
0 28
cfn=(1936) _fmpz_vec_min_inplace
calls=7 0 
0 931
0 49
cfn=(1942)
calls=7 0 
0 224
0 91
cfn=(1392)
calls=7 0 
0 1180
0 35
cfn=(1960) mpoly_set_monomial_ffmpz
calls=7 0 
0 2814
0 1295

fn=(1916) fmpz_set
0 4560

fn=(2034)
0 4076
cfn=(2028) mpoly_monomials_cmp
calls=155 0 
0 14327
0 1190

fn=(2108) _n_fq_inv
0 520
cfn=(1324)
calls=13 0 
0 468
0 91

fn=(2210)
0 486
cfn=(2212) _fq_nmod_mpoly_get_str_pretty
calls=54 0 
0 725016

fn=(2236) z_sizeinbase
0 2364

fn=(1294)
0 9112

fn=(2940)
0 1012
cfn=(1594) fq_nmod_is_zero
calls=46 0 
0 230
0 598
cfn=(1392)
calls=46 0 
0 1380
0 690
cob=(4)
cfi=(181)
cfn=(1400)
calls=46 0 
0 690
0 138
cfn=(2942)
calls=46 0 
0 552
0 437
cfn=(1612) n_fq_set_fq_nmod
calls=15 0 
0 255
0 450
cfn=(2178) _n_fq_mul2
calls=15 0 
0 1530
0 180
cfn=(1486)
calls=15 0 
0 660
0 1121

fn=(1332) nmod_poly_reverse
0 24
cfn=(1306) nmod_poly_fit_length
calls=2 0 
0 476
0 10
cfn=(1334)
calls=2 0 
0 56
0 26

fn=(1346) _nmod_poly_inv_series_basecase
0 68
cfn=(1348)
calls=2 0 
0 310

fn=(1390) mpoly_gen_bits_required
0 27

fn=(1454)
0 70
cfn=(1456) fq_nmod_mpoly_mul_johnson
calls=35 0 
0 84119

fn=(1468)
0 13650
cob=(4)
cfi=(181)
cfn=(1396)
calls=650 0 
0 9750

fn=(1472) _n_fq_dot_lazy_size
0 2784
cob=(4)
cfi=(181)
cfn=(1474)
calls=96 0 
0 3360
0 576
cob=(4)
cfi=(181)
cfn=(1474)
calls=96 0 
0 4032
0 1632

fn=(1478) _fq_nmod_mpoly_mul_johnson1
0 875
cfn=(1472)
calls=35 0 
0 4515
0 6870
cob=(4)
cfi=(181)
cfn=(1396)
calls=62 0 
0 868
0 1054
cfn=(1480)
calls=62 0 
0 1550
0 1364
cfn=(1482) _n_fq_madd2_lazy1
calls=62 0 
0 1860
0 1364
cfn=(1486)
calls=62 0 
0 2728
0 2492
cfn=(2014) _mpoly_heap_insert1
calls=27 0 
0 1053
0 2339
cfn=(1484) _n_fq_reduce2_lazy1
calls=62 0 
0 3410
0 528

fn=(1484)
0 4125

fn=(1512) fmpz_set_str
0 52
cob=(4)
cfi=(181)
cfn=(1514)
calls=4 0 
0 24
0 40
cob=(4)
cfi=(181)
cfn=(1328)
calls=4 0 
0 64
0 180

fn=(1548)
0 4
cfn=(1550)
calls=2 0 
0 1799

fn=(1550)
0 2117
cfn=(1468)
calls=25 0 
0 900
0 436
cfn=(1392)
calls=23 0 
0 1370
0 299
cfn=(1552)
calls=23 0 
0 3335
0 380
cfn=(1404)
calls=23 0 
0 2908
0 548
cfn=(1392)
calls=2 0 
0 787
0 26
cfn=(1552)
calls=2 0 
0 300
0 42
cfn=(1354)
calls=2 0 
0 182
0 8
cfn=(1354)
calls=2 0 
0 182
0 8

fn=(1580) _fmpz_vec_scalar_mul_ui
0 44
cfn=(1582) fmpz_mul_ui
calls=2 0 
0 78
0 20
cfn=(1582)
calls=4 0 
0 156
0 40

fn=(1592) fq_nmod_pow
0 36
cfn=(1528)
calls=2 0 
0 28
0 16
cfn=(1594)
calls=2 0 
0 10
0 26
cfn=(1306)
calls=2 0 
0 10
0 10
cfn=(1596) fmpz_cmpabs
calls=2 0 
0 48
0 56
cfn=(1598)
calls=2 0 
0 1370
0 2

fn=(1594)
0 240

fn=(1614)
0 126
cfn=(1352)
calls=63 0 
0 6426

fn=(1616) mpoly_pack_vec_fmpz
0 234
cfn=(1296)
calls=9 0 
0 90
0 189
cfn=(1296)
calls=18 0 
0 180
0 324

fn=(1842)
0 10143

fn=(1854)
0 1312

fn=(1914)
0 2928
cfn=(1916)
calls=183 0 
0 4392
0 915

fn=(2042) _fq_nmod_mpoly_divides_monagan_pearce
0 403
cfn=(1472)
calls=13 0 
0 1677
0 351
cfn=(2044) 0x00000000003bfee0
calls=13 0 
0 13767
0 26

fn=(2234) fmpz_sizeinbase
0 1134
cfn=(2236)
calls=162 0 
0 2364

fn=(3134)
0 9
cob=(4)
cfi=(181)
cfn=(3140)
calls=1 0 
0 80
0 1
cfn=(3144) 0x00000000000df7b0
calls=1 0 
0 5
0 3

fn=(1388)
0 117
cfn=(1390)
calls=9 0 
0 27
0 72
cfn=(1392)
calls=9 0 
0 832
0 108
cfn=(1394) mpoly_gen_monomial_sp
calls=9 0 
0 585
0 63

fn=(1456)
0 2975
cfn=(1458) mpoly_max_fields_fmpz
calls=35 0 
0 9100
0 210
cfn=(1458)
calls=35 0 
0 9775
0 245
cfn=(1462) _fmpz_vec_add
calls=35 0 
0 5705
0 175
cfn=(1466)
calls=35 0 
0 1505
0 3850
cfn=(1468)
calls=35 0 
0 1260
0 551
cfn=(1392)
calls=2 0 
0 642
0 231
cfn=(1392)
calls=33 0 
0 6942
0 945
cfn=(1470) _fq_nmod_mpoly_mul_johnson
calls=35 0 
0 39485
0 149
cfn=(1354)
calls=2 0 
0 182
0 6
cfn=(1354)
calls=2 0 
0 182
0 4

fn=(1482)
0 1860

fn=(1494) 0x00000000002afb60
0 232
cfn=(1512)
calls=4 0 
0 360
0 64

fn=(1524) 0x000000000040e970
0 8
cfn=(1526) fq_nmod_mpoly_pow_fmpz
calls=4 0 
0 9376

fn=(1582)
0 234

fn=(1590) fq_nmod_pow_ui
0 40
cfn=(1592)
calls=2 0 
0 1612
0 28

fn=(1632)
0 161
cfn=(1634)
calls=1 0 
0 19
0 5

fn=(1856)
0 1497
cfn=(1322)
calls=46 0 
0 4284
0 886
cfn=(1354)
calls=46 0 
0 4186
0 322
cfn=(1858)
calls=46 0 
0 10672
0 138

fn=(2154) _nmod_vec_add
0 364

fn=(2214)
0 8866
cob=(4)
cfi=(181)
cfn=(1328)
calls=403 0 
0 6448
0 1209
cfn=(1322)
calls=403 0 
0 29630
0 1612
cob=(4)
cfi=(181)
cfn=(1700)
calls=403 0 
0 13702
0 2015
cob=(4)
cfi=(181)
cfn=(1704)
calls=403 0 
0 6547
0 2821
cob=(4)
cfi=(181)
cfn=(2216)
calls=403 0 
0 142204
0 5239
cob=(4)
cfi=(181)
cfn=(1514)
calls=403 0 
0 2418
0 4836
cob=(4)
cfi=(181)
cfn=(1700)
calls=403 0 
0 16952
0 2418
cob=(4)
cfi=(181)
cfn=(1704)
calls=403 0 
0 13702
0 7774
cfn=(1354)
calls=403 0 
0 37068
0 5328
cfn=(1744)
calls=123 0 
0 6027
0 2664
cob=(4)
cfi=(181)
cfn=(2216)
calls=280 0 
0 95200
0 2780
cob=(4)
cfi=(181)
cfn=(2222)
calls=280 0 
0 137480
0 1578
cob=(4)
cfi=(181)
cfn=(2222)
calls=123 0 
0 49969
0 4542

fn=(2232) mpoly_degrees_ffmpz
0 3132
cfn=(1458)
calls=54 0 
0 14040
0 216
cfn=(1914)
calls=54 0 
0 7290
0 2106

fn=(1306)
0 838
cfn=(1308) nmod_poly_realloc
calls=6 0 
0 1224

fn=(2384)
0 1350

fn=(2936) n_mod2_preinv
0 1472

fn=(1336) nmod_poly_inv_series_newton
0 4
cfn=(1338) nmod_poly_inv_series
calls=2 0 
0 1400

fn=(1370) mpoly_ctx_init
0 6719

fn=(1394)
0 207
cob=(4)
cfi=(181)
cfn=(1396)
calls=9 0 
0 135
0 243

fn=(1398)
0 240
cob=(4)
cfi=(181)
cfn=(1328)
calls=12 0 
0 192
0 132
cfn=(1310)
calls=12 0 
0 1312
0 96
cob=(4)
cfi=(181)
cfn=(1400)
calls=12 0 
0 240
0 72
cfn=(1402) 0x0000000000404530
calls=12 0 
0 4464
0 216

fn=(1424)
0 336

fn=(1436) 0x00000000002ad380
0 162

fn=(1526)
0 72
cfn=(1528)
calls=4 0 
0 56
0 16
cfn=(1530) fmpz_fits_si
calls=4 0 
0 32
0 60
cfn=(1296)
calls=4 0 
0 40
0 20
cfn=(1532) fq_nmod_mpoly_pow_ui
calls=4 0 
0 9076
0 4

fn=(1584) n_fq_pow_ui
0 42
cfn=(1586)
calls=2 0 
0 190
0 6
cfn=(1586)
calls=2 0 
0 190
0 8
cfn=(1588) n_fq_get_fq_nmod
calls=2 0 
0 76
0 10
cfn=(1590)
calls=2 0 
0 1680
0 8
cfn=(1612)
calls=2 0 
0 34
0 6
cfn=(1614)
calls=2 0 
0 196
0 6
cfn=(1614)
calls=2 0 
0 196
0 22

fn=(1612)
0 289

fn=(1698)
0 2442
cob=(4)
cfi=(181)
cfn=(1328)
calls=111 0 
0 1776
0 333
cfn=(1322)
calls=111 0 
0 6438
0 444
cob=(4)
cfi=(181)
cfn=(1700)
calls=111 0 
0 4044
0 555
cob=(4)
cfi=(181)
cfn=(1704)
calls=111 0 
0 2676
0 888
cob=(4)
cfi=(181)
cfn=(1708)
calls=111 0 
0 58122
0 1509
cob=(4)
cfi=(181)
cfn=(1708)
calls=30 0 
0 13770
0 486
cob=(4)
cfi=(181)
cfn=(1700)
calls=66 0 
0 2796
0 396
cob=(4)
cfi=(181)
cfn=(1704)
calls=66 0 
0 2244
0 306
cfn=(1744)
calls=36 0 
0 1764
0 588
cfn=(1354)
calls=66 0 
0 6006
0 135
cfn=(1354)
calls=45 0 
0 4095
0 1476
cob=(4)
cfi=(181)
cfn=(1708)
calls=36 0 
0 20184
0 252
cob=(4)
cfi=(181)
cfn=(1708)
calls=12 0 
0 7824
0 72
cob=(4)
cfi=(181)
cfn=(1708)
calls=18 0 
0 11736
0 648

fn=(1848)
0 799
cfn=(1408)
calls=47 0 
0 12991
0 470
cob=(4)
cfi=(181)
cfn=(1396)
calls=47 0 
0 705
0 329

fn=(1860)
0 3082

fn=(1864)
0 4277
cfn=(1862)
calls=47 0 
0 2961
0 705

fn=(2014)
0 1053

fn=(2178)
0 2856

fn=(2212)
0 1566
cfn=(1322)
calls=54 0 
0 3132
0 1134
cfn=(2226) n_fq_get_str_pretty
calls=54 0 
0 115759
0 270
cob=(4)
cfi=(181)
cfn=(1328)
calls=54 0 
0 864
0 2862
cfn=(2232)
calls=54 0 
0 26784
0 864
cfn=(2234)
calls=54 0 
0 936
0 432
cfn=(2234)
calls=108 0 
0 2562
0 648
cob=(4)
cfi=(181)
cfn=(1328)
calls=162 0 
0 2592
0 1674
cfn=(1322)
calls=54 0 
0 3294
0 1542
cfn=(2214)
calls=64 0 
0 78656
0 822
cfn=(2214)
calls=123 0 
0 173048
0 2094
cfn=(1294)
calls=69 0 
0 1173
0 162
cfn=(1294)
calls=54 0 
0 918
0 3796
cfn=(2214)
calls=54 0 
0 88938
0 864
cfn=(2214)
calls=108 0 
0 177876
0 2106
cfn=(1742)
calls=54 0 
0 13662
0 864
cfn=(1354)
calls=54 0 
0 5292
0 648
cfn=(1354)
calls=54 0 
0 5292
0 1890

fn=(1274)
0 1519
cfn=(1276) 0x00000000000df900
calls=217 0 
0 39562
0 1085

fn=(1276)
0 434
cob=(4)
cfi=(181)
cfn=(1278)
calls=217 0 
0 39128

fn=(1290)
0 17
cfn=(1292)
calls=1 0 
0 13390
0 14

fn=(2934)
0 552
cfn=(2936)
calls=46 0 
0 1472
0 276
cfn=(1304)
calls=46 0 
0 1840

fn=(3068)
0 3
cfn=(3070)
calls=1 0 
0 593

fn=(1142)
0 12

fn=(1344) _nmod_poly_inv_series
0 54
cfn=(1346)
calls=2 0 
0 378
0 24

fn=(1382)
0 165

fn=(1412)
0 374
cfn=(1428)
calls=3 0 
0 9243
0 12
cfn=(1558)
calls=3 0 
0 126
0 314
cob=(4)
cfi=(181)
cfn=(1414)
calls=26 0 
0 286
0 124
cfn=(1402)
calls=12 0 
0 2640
0 24
cfn=(1416)
calls=12 0 
0 672
0 126
cfn=(1428)
calls=2 0 
0 4544
0 10
cfn=(1436)
calls=2 0 
0 36
0 56
cfn=(1428)
calls=6 0 
0 192
0 36
cfn=(1436)
calls=6 0 
0 108
0 50
cfn=(1494)
calls=4 0 
0 656
0 16
cfn=(1428)
calls=4 0 
0 156
0 68
cfn=(1524)
calls=4 0 
0 9384
0 17
cfn=(1428)
calls=1 0 
0 2127
0 5
cfn=(1436)
calls=1 0 
0 18
0 1

fn=(1462)
0 770
cfn=(1464) fmpz_add
calls=35 0 
0 1260
0 350
cfn=(1464)
calls=70 0 
0 2520
0 805

fn=(1464)
0 4536

fn=(1470)
0 980
cfn=(1472)
calls=35 0 
0 4515
0 1050
cfn=(1478)
calls=35 0 
0 32870
0 70

fn=(1588)
0 1430
cfn=(1306)
calls=110 0 
0 550
0 2200

fn=(1596)
0 48

fn=(1600)
0 30

fn=(1798)
0 8855
cfn=(1392)
calls=385 0 
0 25804
0 10010

fn=(1862)
0 5859

fn=(1936)
0 112
cfn=(1938) fmpz_cmp
calls=7 0 
0 133
0 42
cfn=(1938)
calls=14 0 
0 266
0 63
cfn=(1916)
calls=7 0 
0 168
0 147

fn=(1938)
0 5187

fn=(1960)
0 651
cfn=(1464)
calls=21 0 
0 756
0 252
cfn=(1616)
calls=7 0 
0 791
0 364

fn=(1988)
0 133

fn=(2038)
0 168
cfn=(2040) fq_nmod_mpoly_divides_monagan_pearce
calls=84 0 
0 93365

fn=(2044)
0 390
cfn=(1472)
calls=13 0 
0 1677
0 2288
cfn=(2108)
calls=13 0 
0 1079
0 156
cfn=(1634)
calls=13 0 
0 247
0 923
cob=(4)
cfi=(181)
cfn=(1396)
calls=13 0 
0 195
0 52
cob=(4)
cfi=(181)
cfn=(1396)
calls=13 0 
0 182
0 169
cfn=(1480)
calls=13 0 
0 325
0 364
cfn=(2140) _nmod_vec_sub
calls=13 0 
0 351
0 156
cfn=(2154)
calls=13 0 
0 364
0 169
cfn=(1486)
calls=13 0 
0 572
0 364
cfn=(1484)
calls=13 0 
0 715
0 286
cfn=(2178)
calls=13 0 
0 1326
0 182
cfn=(1486)
calls=13 0 
0 572
0 663

fn=(2226)
0 810
cfn=(1586)
calls=54 0 
0 5304
0 216
cfn=(1588)
calls=54 0 
0 2052
0 162
cfn=(2228) fq_nmod_get_str_pretty
calls=54 0 
0 100789
0 216
cfn=(1614)
calls=54 0 
0 5670
0 540

fn=(1300)
0 371

fn=(1302) nmod_poly_init_preinv
0 50

fn=(1312)
0 2804
cob=(4)
cfi=(181)
cfn=(1314)
calls=1402 0 
0 92256

fn=(2380)
0 702
cfn=(1588)
calls=54 0 
0 2052

fn=(1320)
0 90
cfn=(1322)
calls=2 0 
0 267
0 8
cfn=(1322)
calls=2 0 
0 267
0 20
cfn=(1324)
calls=2 0 
0 72
0 84
cfn=(1326)
calls=4 0 
0 156
0 46
cob=(4)
cfi=(181)
cfn=(1328)
calls=2 0 
0 32
0 4
cfn=(1322)
calls=2 0 
0 400
0 10
cob=(4)
cfi=(181)
cfn=(1330)
calls=2 0 
0 60
0 6
cfn=(1298)
calls=2 0 
0 158
0 10
cfn=(1306)
calls=2 0 
0 476
0 48
cfn=(1298)
calls=2 0 
0 158
0 8
cfn=(1332)
calls=2 0 
0 592
0 8
cfn=(1336)
calls=2 0 
0 1404
0 24

fn=(1354)
0 3008
cob=(4)
cfi=(181)
cfn=(1358)
calls=1504 0 
0 144175
0 3008

fn=(1368)
0 8
cfn=(1370)
calls=1 0 
0 6719
0 7
cfn=(1320)
calls=1 0 
0 2059

fn=(1402)
0 48
cfn=(1404)
calls=24 0 
0 7056

fn=(1404)
0 2920
cfn=(1392)
calls=146 0 
0 30341
0 4514
cob=(4)
cfi=(181)
cfn=(1400)
calls=146 0 
0 2078
0 292

fn=(1410)
0 72
cfn=(1324)
calls=3 0 
0 108
0 135

fn=(1530)
0 32

fn=(1538)
0 18

fn=(1568)
0 402
cfn=(1354)
calls=21 0 
0 2163
0 246
cfn=(1354)
calls=21 0 
0 2220

fn=(1602)
0 56

fn=(1694)
0 72
cfn=(1696) fq_nmod_mpoly_fprint_pretty
calls=9 0 
0 163244

fn=(2040)
0 7308
cfn=(1458)
calls=84 0 
0 21840
0 588
cfn=(1458)
calls=84 0 
0 21840
0 2016
cfn=(1938)
calls=84 0 
0 1596
0 504
cfn=(1938)
calls=168 0 
0 3192
0 3276
cfn=(1466)
calls=84 0 
0 3612
0 7724
cfn=(1468)
calls=13 0 
0 468
0 1693
cfn=(1392)
calls=13 0 
0 1120
0 195
cfn=(2042)
calls=13 0 
0 16224
0 169

fn=(1304)
0 816
cfn=(1306)
calls=48 0 
0 550
0 864

fn=(1308)
0 72
cfn=(1310)
calls=6 0 
0 1104
0 48

fn=(1338)
0 84
cfn=(1340)
calls=2 0 
0 624
0 20
cfn=(1344)
calls=2 0 
0 456
0 22
cfn=(1352)
calls=2 0 
0 192
0 2

fn=(1386)
0 315

fn=(1452)
0 12
cfn=(1454)
calls=6 0 
0 12530

fn=(1458)
0 13524
cob=(4)
cfi=(181)
cfn=(1396)
calls=294 0 
0 4410
0 21843
cfn=(1460)
calls=294 0 
0 32928
0 4410

fn=(1532)
0 188
cfn=(1458)
calls=2 0 
0 520
0 10
cfn=(1580)
calls=2 0 
0 338
0 6
cfn=(1466)
calls=2 0 
0 86
0 24
cfn=(1392)
calls=2 0 
0 60
0 14
cfn=(1584)
calls=2 0 
0 2670
0 14
cfn=(1616)
calls=2 0 
0 226
0 114
cfn=(1454)
calls=2 0 
0 4800
0 6

fn=(1608)
0 20
cfn=(1610)
calls=4 0 
0 132

fn=(1696)
0 711
cfn=(1698)
calls=9 0 
0 7641
0 36
cfn=(1698)
calls=9 0 
0 7641
0 162
cfn=(1736)
calls=18 0 
0 36036
0 126
cfn=(1698)
calls=18 0 
0 15282
0 162
cfn=(1742)
calls=18 0 
0 4554
0 450
cfn=(1294)
calls=54 0 
0 918
0 168
cfn=(1698)
calls=12 0 
0 19212
0 72
cfn=(1746)
calls=12 0 
0 23832
0 588
cfn=(1698)
calls=24 0 
0 37368
0 410
cfn=(1698)
calls=9 0 
0 7803
0 72

fn=(2026)
0 13051
cfn=(2028)
calls=421 0 
0 38993
0 2105

fn=(2028)
0 17280
cfn=(1468)
calls=576 0 
0 20736
0 15304

fn=(2140)
0 351

fn=(2228)
0 162
cfn=(2230)
calls=54 0 
0 100627

fn=(1298)
0 45
cfn=(1300)
calls=5 0 
0 265
0 35
cfn=(1302)
calls=5 0 
0 50

fn=(1316)
0 114
cob=(4)
cfi=(181)
cfn=(1318)
calls=57 0 
0 2706

fn=(3144)
0 5

ob=(11)
fl=(227)
fn=(1762)
0 175
cfn=(1764) g_array_sized_new
calls=35 0 
0 5455

fn=(1824) g_free_sized
0 90
cob=(4)
cfi=(181)
cfn=(1814)
calls=45 0 
0 4289

fn=(2322) g_array_set_size
0 115

fn=(2346) g_hash_table_remove_all
0 30
cfn=(1122) g_malloc0_n
calls=1 0 
0 240
0 174
cfn=(1812) g_free
calls=1 0 
0 89
0 47
cfn=(2968) 0x0000000000044060
calls=1 0 
0 748
0 145
cfn=(2348) 0x0000000000048b20
calls=5 0 
0 479
0 22

fn=(2364) g_hash_table_unref
0 50
cfn=(1804) g_atomic_ref_count_dec
calls=5 0 
0 75
0 45
cfn=(1812)
calls=5 0 
0 445
0 10
cfn=(1812)
calls=5 0 
0 464
0 10
cfn=(1812)
calls=5 0 
0 466
0 25
cfn=(1822) g_slice_free1
calls=5 0 
0 520

fn=(1124) g_malloc0
0 99
cob=(4)
cfi=(181)
cfn=(1126)
calls=9 0 
0 1891
0 45

fn=(1100) g_hash_table_new_full
0 105
cfn=(1102) g_slice_alloc
calls=7 0 
0 876
0 21
cfn=(1108) g_atomic_ref_count_init
calls=7 0 
0 35
0 70
cfn=(1110) 0x0000000000044330
calls=7 0 
0 2956
0 65

fn=(1822)
0 675
cfn=(1824)
calls=45 0 
0 4379

fn=(2326)
0 80
cfn=(1822)
calls=5 0 
0 520
0 65
cfn=(1812)
calls=5 0 
0 445
0 75
cfn=(1804)
calls=5 0 
0 75
0 55

fn=(2968)
0 20
cfn=(2970) g_realloc_n
calls=2 0 
0 618
0 20
cfn=(1114) g_realloc
calls=2 0 
0 626
0 26
cfn=(1114)
calls=2 0 
0 632
0 10

fn=(3152)
0 9
cob=(4)
cfi=(181)
cfn=(3158)
calls=1 0 
0 80
0 1
cfn=(3162) 0x0000000000020010
calls=1 0 
0 5
0 3

fn=(1122)
0 72
cfn=(1124)
calls=9 0 
0 2035

fn=(1084) 0x0000000000053b20
0 16
cob=(4)
cfi=(181)
cfn=(1074)
calls=1 0 
0 1361
0 13

fn=(1098)
0 28
cfn=(1100)
calls=7 0 
0 4128

fn=(2320)
0 120
cfn=(1774) 0x0000000000025a10
calls=5 0 
0 950
0 15
cfn=(2322)
calls=5 0 
0 115
0 55
cfn=(1772)
calls=5 0 
0 409

fn=(1108)
0 235

fn=(1072) 0x0000000000053a50
0 27
cob=(4)
cfi=(181)
cfn=(1074)
calls=1 0 
0 1361
0 9

fn=(1774)
0 6371
cfn=(1114)
calls=73 0 
0 19226
0 1387

fn=(1802)
0 595
cfn=(1822)
calls=35 0 
0 4014
0 385
cfn=(1812)
calls=35 0 
0 3261
0 525
cfn=(1804)
calls=35 0 
0 525
0 385

fn=(2302) 0x0000000000026520
0 735
cfn=(1114)
calls=5 0 
0 580
0 25

fn=(2316)
0 25

fn=(1104) g_malloc
0 477
cob=(4)
cfi=(181)
cfn=(1106)
calls=53 0 
0 4633
0 265

fn=(1992)
0 1731
cob=(4)
cfi=(181)
cfn=(1998)
calls=21 0 
0 358
0 63

fn=(2242) g_str_hash
0 6210

fn=(2248) 0x00000000000491e0
0 2056
cfn=(2258) g_memdup2
calls=5 0 
0 675
0 532
cfn=(2956) 0x0000000000044510
calls=1 0 
0 2104
0 1

fn=(2344)
0 45
cfn=(2346)
calls=5 0 
0 1974
0 20
cfn=(2364)
calls=5 0 
0 2110

fn=(2956)
0 572
cfn=(1812)
calls=1 0 
0 110
0 15
cfn=(2968)
calls=1 0 
0 1204
0 7
cob=(4)
cfi=(181)
cfn=(2358)
calls=1 0 
0 14
0 5
cfn=(1122)
calls=1 0 
0 174
0 3

fn=(1102)
0 94
cfn=(1104)
calls=47 0 
0 4732

fn=(1772)
0 3312
cfn=(1774)
calls=144 0 
0 26034
0 1152
cob=(4)
cfi=(181)
cfn=(1786)
calls=144 0 
0 2135
0 576

fn=(1812)
0 114
cob=(4)
cfi=(181)
cfn=(1814)
calls=57 0 
0 5166

fn=(2018)
0 220

fn=(2294) g_direct_equal
0 150

fn=(2348)
0 120
cob=(4)
cfi=(181)
cfn=(2358)
calls=5 0 
0 70
0 50
cob=(4)
cfi=(181)
cfn=(2358)
calls=5 0 
0 77
0 85
cob=(4)
cfi=(181)
cfn=(2358)
calls=5 0 
0 77

fn=(1110)
0 280
cfn=(1114)
calls=7 0 
0 899
0 35
cfn=(1122)
calls=7 0 
0 1693
0 49

fn=(1068)
0 8
cfn=(1072)
calls=1 0 
0 1397
0 1
cfn=(1084)
calls=1 0 
0 1390
0 5
cfn=(1098)
calls=1 0 
0 784
0 3
cfn=(1104)
calls=1 0 
0 193
0 7
cfn=(1098)
calls=1 0 
0 786
0 3

fn=(2258)
0 65
cfn=(1104)
calls=5 0 
0 450
0 25
cob=(4)
cfi=(181)
cfn=(2260)
calls=5 0 
0 105
0 30

fn=(2300) g_ptr_array_sized_new
0 40
cfn=(1102)
calls=5 0 
0 315
0 35
cfn=(1108)
calls=5 0 
0 25
0 25
cfn=(2302)
calls=5 0 
0 845
0 35

fn=(1114)
0 819
cob=(4)
cfi=(181)
cfn=(1116)
calls=91 0 
0 21289
0 455

fn=(3162)
0 5

fn=(1764)
0 595
cfn=(1102)
calls=35 0 
0 3635
0 595
cfn=(1108)
calls=35 0 
0 175
0 455

fn=(1804)
0 675

fn=(2240)
0 810
cfn=(2242)
calls=54 0 
0 3868
0 1870
cfn=(2294)
calls=26 0 
0 130
0 807

fn=(2246)
0 528
cfn=(2242)
calls=33 0 
0 2342
0 936
cfn=(2294)
calls=4 0 
0 20
0 196
cfn=(2248)
calls=16 0 
0 3339
0 153
cfn=(2248)
calls=17 0 
0 2029
0 364

fn=(1062)
0 12

fn=(2298)
0 65
cfn=(2300)
calls=5 0 
0 1320
0 114
cfn=(2312) g_ptr_array_add
calls=33 0 
0 1475
0 470

fn=(2312)
0 617
cfn=(2302)
calls=33 0 
0 495
0 363

fn=(2970)
0 18
cfn=(1114)
calls=2 0 
0 600

ob=(13)
fl=(229)
fn=(1182) parseInt
0 9
cob=(4)
cfi=(181)
cfn=(1184)
calls=1 0 
0 16
0 19
cfn=(1186) powInt
calls=1 0 
0 13
0 11

fn=(1832) init_F4Pair
0 255
cob=(4)
cfi=(181)
cfn=(1272)
calls=15 0 
0 2920
0 75
cob=(4)
cfi=(181)
cfn=(1272)
calls=15 0 
0 2920
0 75
cob=(4)
cfi=(181)
cfn=(1272)
calls=15 0 
0 2920
0 75
cob=(4)
cfi=(181)
cfn=(1272)
calls=15 0 
0 2979
0 75
cob=(4)
cfi=(181)
cfn=(1272)
calls=15 0 
0 2979
0 120
cfn=(1374) fq_nmod_mpoly_init
calls=15 0 
0 285
0 90
cfn=(1374)
calls=15 0 
0 285
0 90
cfn=(1374)
calls=15 0 
0 285
0 90
cfn=(1374)
calls=15 0 
0 285
0 90
cfn=(1374)
calls=15 0 
0 285
0 105
cob=(4)
cfi=(181)
cfn=(1768)
calls=15 0 
0 4842
0 105
cob=(4)
cfi=(181)
cfn=(1768)
calls=15 0 
0 5250
0 105
cfn=(1834) lcm
calls=15 0 
0 22587
0 45
cfn=(1836) fq_nmod_mpoly_ctx_nvars
calls=15 0 
0 105
0 1650
cob=(4)
cfi=(181)
cfn=(1838)
calls=15 0 
0 1140
0 105
cob=(4)
cfi=(181)
cfn=(1838)
calls=15 0 
0 1140
0 120
cob=(4)
cfi=(181)
cfn=(1838)
calls=15 0 
0 1140
0 1575
cob=(4)
cfi=(181)
cfn=(1846)
calls=15 0 
0 4344
0 90
cob=(4)
cfi=(181)
cfn=(1846)
calls=15 0 
0 5152
0 105
cob=(4)
cfi=(181)
cfn=(1850)
calls=15 0 
0 11079
0 105
cob=(4)
cfi=(181)
cfn=(1850)
calls=15 0 
0 10275
0 120

fn=(2020) is_poly_in_lst
0 702
cob=(4)
cfi=(181)
cfn=(2024)
calls=42 0 
0 5492
0 620

fn=(2202) ref3
0 65
cfn=(1758) __calloc_poly_lst
calls=5 0 
0 655
0 35
cfn=(2204) monom_lst_from_poly_lst
calls=5 0 
0 787962
0 25
cfn=(1374)
calls=5 0 
0 95
0 25
cfn=(1374)
calls=5 0 
0 95
0 25
cfn=(1374)
calls=5 0 
0 95
0 100
cfn=(2366) poly_quick_sort
calls=5 0 
0 21326
0 40
cfn=(2368) F4_poly_reduce
calls=5 0 
0 9648154
0 25
cfn=(2200) free_poly_lst
calls=5 0 
0 14208
0 25
cfn=(1828) fq_nmod_mpoly_clear
calls=5 0 
0 80
0 25
cfn=(1828)
calls=5 0 
0 80
0 25
cfn=(1828)
calls=5 0 
0 80
0 30

fn=(2860) copy_block_to_dense_matrix
0 50
cob=(4)
cfi=(181)
cfn=(2370)
calls=5 0 
0 235
0 45
cfn=(2862) init_dm
calls=5 0 
0 1303
0 75
cob=(4)
cfi=(181)
cfn=(2864)
calls=5 0 
0 25
0 85
cob=(4)
cfi=(181)
cfn=(2864)
calls=5 0 
0 25
0 118
cob=(4)
cfi=(181)
cfn=(2868)
calls=7 0 
0 119
0 1403
cob=(4)
cfi=(181)
cfn=(2286)
calls=3 0 
0 1416
0 90
cob=(4)
cfi=(181)
cfn=(2286)
calls=5 0 
0 435
0 15
cob=(4)
cfi=(181)
cfn=(2286)
calls=5 0 
0 435
0 576
cob=(4)
cfi=(181)
cfn=(2286)
calls=4 0 
0 348
0 95
cfn=(2874) sort_dense_matrix_by_pivots
calls=5 0 
0 507
0 159

fn=(2862)
0 110
cob=(4)
cfi=(181)
cfn=(2370)
calls=5 0 
0 223
0 74
cob=(4)
cfi=(181)
cfn=(2370)
calls=7 0 
0 329
0 77
cob=(4)
cfi=(181)
cfn=(2370)
calls=7 0 
0 317
0 173

fn=(2874)
0 70
cob=(4)
cfi=(181)
cfn=(2876)
calls=5 0 
0 407
0 30

fn=(2928) fq_nmod_mpoly_zero
0 230
cfn=(2930) _fq_nmod_mpoly_set_length
calls=23 0 
0 253
0 69

fn=(1180)
0 19
cfn=(1182)
calls=1 0 
0 68
0 6
cob=(4)
cfi=(181)
cfn=(1188)
calls=1 0 
0 607
0 17
cob=(4)
cfi=(181)
cfn=(1218)
calls=1 0 
0 2072
0 5
cob=(4)
cfi=(181)
cfn=(1258)
calls=1 0 
0 175
0 4
cob=(4)
cfi=(181)
cfn=(1272)
calls=1 0 
0 235
0 7
cfn=(1280) get_variables
calls=1 0 
0 994
0 7
cob=(4)
cfi=(181)
cfn=(1288)
calls=1 0 
0 13423
0 7
cob=(4)
cfi=(181)
cfn=(1366)
calls=1 0 
0 8795
0 5
cfn=(1372) init_empty_basis
calls=1 0 
0 1109
0 9
cfn=(1376) read_polinomials
calls=1 0 
0 52802
0 3
cob=(4)
cfi=(181)
cfn=(1638)
calls=1 0 
0 588
0 3
cob=(4)
cfi=(181)
cfn=(1664)
calls=1 0 
0 2449
0 6
cfn=(1690) print_basis
calls=1 0 
0 55394
0 6
cfn=(1756) F4
calls=1 0 
0 10946052
0 5
cob=(4)
cfi=(181)
cfn=(1664)
calls=1 0 
0 421
0 6
cfn=(1690)
calls=1 0 
0 110549
0 6
cob=(4)
cfi=(181)
cfn=(3052)
calls=1 0 
0 881
0 8
cfn=(3056) free_basis
calls=1 0 
0 2467
0 15
cob=(4)
cfi=(181)
cfn=(3052)
calls=1 0 
0 960
0 6
cfn=(3056)
calls=1 0 
0 1300
0 3
cob=(4)
cfi=(181)
cfn=(3066)
calls=1 0 
0 598
0 3
cob=(4)
cfi=(181)
cfn=(3072)
calls=1 0 
0 595
0 5
cfn=(3074) free_variables
calls=1 0 
0 489
0 6

fn=(2022) fq_nmod_mpoly_length
0 1296

fn=(2030) max_poly_in_lst
0 584
cob=(4)
cfi=(181)
cfn=(2032)
calls=29 0 
0 3625
0 477

fn=(2368)
0 75
cob=(4)
cfi=(181)
cfn=(2370)
calls=5 0 
0 235
0 20
cob=(4)
cfi=(181)
cfn=(2372)
calls=5 0 
0 60
0 85
cob=(4)
cfi=(181)
cfn=(2370)
calls=5 0 
0 235
0 45
cob=(4)
cfi=(181)
cfn=(2370)
calls=5 0 
0 235
0 45
cob=(4)
cfi=(181)
cfn=(2370)
calls=5 0 
0 235
0 40
cfn=(1374)
calls=5 0 
0 95
0 25
cfn=(1374)
calls=5 0 
0 95
0 25
cob=(4)
cfi=(181)
cfn=(2374)
calls=5 0 
0 485
0 15
cfn=(2376) fmpz_init
calls=5 0 
0 40
0 283
cfn=(2022)
calls=27 0 
0 216
0 459
cob=(4)
cfi=(181)
cfn=(2370)
calls=27 0 
0 2892
0 270
cob=(4)
cfi=(181)
cfn=(2370)
calls=27 0 
0 3506
0 621
cob=(4)
cfi=(181)
cfn=(1796)
calls=54 0 
0 5830
0 540
cob=(4)
cfi=(181)
cfn=(2378)
calls=54 0 
0 2862
0 2808
cob=(4)
cfi=(181)
cfn=(2024)
calls=270 0 
0 35262
0 864
cob=(4)
cfi=(181)
cfn=(2382)
calls=54 0 
0 1458
0 162
cob=(4)
cfi=(181)
cfn=(2372)
calls=54 0 
0 648
0 3361
cob=(4)
cfi=(181)
cfn=(2386)
calls=5 0 
0 1772
0 15
cfn=(2390) normalize_schreyer_input_rows
calls=5 0 
0 3090
0 15
cfn=(2396) reduce_sparse_matrix
calls=5 0 
0 9517134
0 84
cob=(4)
cfi=(181)
cfn=(1272)
calls=23 0 
0 5241
0 138
cfn=(1374)
calls=23 0 
0 437
0 115
cfn=(2928)
calls=23 0 
0 552
0 782
cob=(4)
cfi=(181)
cfn=(2932)
calls=46 0 
0 4232
0 1150
cob=(4)
cfi=(181)
cfn=(2938)
calls=46 0 
0 10015
0 276
cob=(4)
cfi=(181)
cfn=(2944)
calls=46 0 
0 12121
0 276
cob=(4)
cfi=(181)
cfn=(1768)
calls=46 0 
0 14550
0 805
cob=(4)
cfi=(181)
cfn=(1770)
calls=23 0 
0 5769
0 188
cfn=(1828)
calls=5 0 
0 1050
0 25
cfn=(1828)
calls=5 0 
0 1050
0 25
cob=(4)
cfi=(181)
cfn=(2946)
calls=5 0 
0 500
0 15
cfn=(2948) fmpz_clear
calls=5 0 
0 60
0 20
cob=(4)
cfi=(181)
cfn=(2286)
calls=5 0 
0 456
0 20
cob=(4)
cfi=(181)
cfn=(2286)
calls=5 0 
0 494
0 20
cob=(4)
cfi=(181)
cfn=(2286)
calls=5 0 
0 494
0 15
cob=(4)
cfi=(181)
cfn=(2286)
calls=5 0 
0 456
0 15
cob=(4)
cfi=(181)
cfn=(2286)
calls=5 0 
0 515
0 35

fn=(2396)
0 50
cob=(4)
cfi=(181)
cfn=(2370)
calls=5 0 
0 380
0 15
cob=(4)
cfi=(181)
cfn=(2370)
calls=5 0 
0 380
0 15
cob=(4)
cfi=(181)
cfn=(2370)
calls=5 0 
0 380
0 15
cob=(4)
cfi=(181)
cfn=(2370)
calls=5 0 
0 380
0 15
cob=(4)
cfi=(181)
cfn=(2370)
calls=5 0 
0 235
0 15
cob=(4)
cfi=(181)
cfn=(2370)
calls=5 0 
0 235
0 95
cob=(4)
cfi=(181)
cfn=(2398)
calls=5 0 
0 873674
0 622
cob=(4)
cfi=(181)
cfn=(2286)
calls=5 0 
0 454
0 20
cob=(4)
cfi=(181)
cfn=(2286)
calls=5 0 
0 456
0 35
cob=(4)
cfi=(181)
cfn=(2640)
calls=5 0 
0 4116331
0 55
cob=(4)
cfi=(181)
cfn=(2838)
calls=5 0 
0 4436555
0 25
cfn=(2860)
calls=5 0 
0 7559
0 75
cob=(4)
cfi=(181)
cfn=(2882)
calls=5 0 
0 3448
0 35
cob=(4)
cfi=(181)
cfn=(1282)
calls=5 0 
0 1589
0 766
cob=(4)
cfi=(181)
cfn=(2896)
calls=5 0 
0 73195
0 30

fn=(1834)
0 289
cfn=(1836)
calls=17 0 
0 119
0 1870
cob=(4)
cfi=(181)
cfn=(1838)
calls=17 0 
0 1292
0 119
cob=(4)
cfi=(181)
cfn=(1838)
calls=17 0 
0 1292
0 595
cfn=(1844) max
calls=51 0 
0 580
0 612
cob=(4)
cfi=(181)
cfn=(1846)
calls=17 0 
0 5892
0 102
cob=(4)
cfi=(181)
cfn=(1850)
calls=17 0 
0 12048
0 136

fn=(1280)
0 113
cob=(4)
cfi=(181)
cfn=(1282)
calls=3 0 
0 648
0 18
cob=(4)
cfi=(181)
cfn=(1284)
calls=3 0 
0 90
0 125

fn=(2930)
0 253

fn=(2948)
0 60

fn=(3048) from_garray
0 11
cob=(4)
cfi=(181)
cfn=(1272)
calls=1 0 
0 175
0 104

fn=(3050) free_F4Pair_lst
0 38
cob=(4)
cfi=(181)
cfn=(1800)
calls=2 0 
0 570
0 14

fn=(3090)
0 9
cob=(4)
cfi=(181)
cfn=(3096)
calls=1 0 
0 80
0 1
cfn=(3106) 0x0000000000003c50
calls=1 0 
0 5
0 3

fn=(1690)
0 119
cob=(4)
cfi=(181)
cfn=(1692)
calls=9 0 
0 163334
0 18
cob=(4)
cfi=(181)
cfn=(1750)
calls=9 0 
0 1971
0 57
cob=(4)
cfi=(181)
cfn=(1750)
calls=2 0 
0 438
0 6

fn=(1756)
0 13
cfn=(1758)
calls=1 0 
0 352
0 3
cfn=(1758)
calls=1 0 
0 324
0 5
cob=(4)
cfi=(181)
cfn=(1760)
calls=1 0 
0 361
0 5
cob=(4)
cfi=(181)
cfn=(1760)
calls=1 0 
0 408
0 9
cfn=(1766) __calloc_poly
calls=3 0 
0 904
0 18
cfn=(1374)
calls=3 0 
0 57
0 30
cob=(4)
cfi=(181)
cfn=(1768)
calls=3 0 
0 741
0 18
cob=(4)
cfi=(181)
cfn=(1770)
calls=3 0 
0 611
0 56
cfn=(1794) F4_GMI
calls=3 0 
0 33740
0 42
cfn=(2000) find_min_deg_in_F4Pairs
calls=5 0 
0 2209
0 35
cfn=(2006) F4_select
calls=5 0 
0 6506
0 40
cfn=(2008) reduction
calls=5 0 
0 10785203
0 68
cfn=(1794)
calls=3 0 
0 111852
0 18
cob=(4)
cfi=(181)
cfn=(1770)
calls=3 0 
0 689
0 21
cob=(4)
cfi=(181)
cfn=(1990)
calls=3 0 
0 96
0 59
cfn=(3048)
calls=1 0 
0 290
0 11
cob=(4)
cfi=(181)
cfn=(1800)
calls=1 0 
0 285
0 5
cfn=(2200)
calls=1 0 
0 329
0 5
cfn=(3050)
calls=1 0 
0 311
0 5
cfn=(3050)
calls=1 0 
0 311
0 7

fn=(1836)
0 616

fn=(1996) free_F4Pair
0 180
cfn=(1828)
calls=15 0 
0 3318
0 90
cfn=(1828)
calls=15 0 
0 3339
0 90
cfn=(1828)
calls=15 0 
0 3549
0 90
cfn=(1828)
calls=15 0 
0 3774
0 90
cfn=(1828)
calls=15 0 
0 3780
0 60
cob=(4)
cfi=(181)
cfn=(1830)
calls=15 0 
0 1664
0 60
cob=(4)
cfi=(181)
cfn=(1830)
calls=15 0 
0 1668
0 60
cob=(4)
cfi=(181)
cfn=(1830)
calls=15 0 
0 1687
0 60
cob=(4)
cfi=(181)
cfn=(1830)
calls=15 0 
0 1689
0 60
cob=(4)
cfi=(181)
cfn=(1830)
calls=15 0 
0 1689
0 45

fn=(2204)
0 75
cob=(4)
cfi=(181)
cfn=(2206)
calls=5 0 
0 2596
0 231
cob=(4)
cfi=(181)
cfn=(1272)
calls=54 0 
0 10110
0 324
cfn=(1374)
calls=54 0 
0 1026
0 378
cob=(4)
cfi=(181)
cfn=(1796)
calls=54 0 
0 11934
0 270
cob=(4)
cfi=(181)
cfn=(2208)
calls=54 0 
0 725610
0 324
cob=(4)
cfi=(181)
cfn=(2238)
calls=54 0 
0 7593
0 306
cob=(4)
cfi=(181)
cfn=(2244)
calls=33 0 
0 9973
0 162
cob=(4)
cfi=(181)
cfn=(2286)
calls=54 0 
0 4719
0 378
cfn=(2022)
calls=54 0 
0 432
0 162
cfn=(2022)
calls=27 0 
0 216
0 391
cob=(4)
cfi=(181)
cfn=(2296)
calls=5 0 
0 3454
0 20
cob=(4)
cfi=(181)
cfn=(2314)
calls=5 0 
0 35
0 35
cob=(4)
cfi=(181)
cfn=(2318)
calls=5 0 
0 1674
0 20
cob=(4)
cfi=(181)
cfn=(2324)
calls=5 0 
0 1325
0 15
cob=(4)
cfi=(181)
cfn=(2342)
calls=5 0 
0 4159
0 15

fn=(2376)
0 40

fn=(2390)
0 806
cob=(4)
cfi=(181)
cfn=(2392)
calls=27 0 
0 636
0 1648

fn=(1186)
0 13

fn=(1758)
0 189
cob=(4)
cfi=(181)
cfn=(1760)
calls=27 0 
0 4116
0 54

fn=(1766)
0 300
cob=(4)
cfi=(181)
cfn=(1272)
calls=50 0 
0 9465
0 100

fn=(2006)
0 110
cfn=(2000)
calls=5 0 
0 2209
0 265
cfn=(2002) deg
calls=10 0 
0 1960
0 62
cob=(4)
cfi=(181)
cfn=(1990)
calls=7 0 
0 318
0 42
cob=(4)
cfi=(181)
cfn=(1770)
calls=7 0 
0 1420
0 120

fn=(2366)
0 209
cob=(4)
cfi=(181)
cfn=(2032)
calls=3 0 
0 375
0 132
cob=(4)
cfi=(181)
cfn=(2032)
calls=11 0 
0 1399
0 208
cob=(4)
cfi=(181)
cfn=(2032)
calls=13 0 
0 1697
0 132
cob=(4)
cfi=(181)
cfn=(2032)
calls=11 0 
0 1387
0 526
cfn=(2367) poly_quick_sort'2
calls=5 0 
0 3111
0 40
cfn=(2367)
calls=5 0 
0 12095
0 15

fn=(2367)
0 1156
cob=(4)
cfi=(181)
cfn=(2032)
calls=16 0 
0 2084
0 336
cob=(4)
cfi=(181)
cfn=(2032)
calls=28 0 
0 3680
0 324
cob=(4)
cfi=(181)
cfn=(2032)
calls=16 0 
0 2096
0 336
cob=(4)
cfi=(181)
cfn=(2032)
calls=28 0 
0 3560
0 1352
cfn=(2367)
calls=18 0 
0 12058
0 144
cfn=(2367)
calls=18 0 
0 9559
0 138

fn=(1374)
0 5263

fn=(1794)
0 102
cob=(4)
cfi=(181)
cfn=(1760)
calls=6 0 
0 815
0 36
cfn=(1374)
calls=6 0 
0 114
0 30
cfn=(1374)
calls=6 0 
0 114
0 30
cfn=(1374)
calls=6 0 
0 114
0 42
cob=(4)
cfi=(181)
cfn=(1796)
calls=6 0 
0 1433
0 135
cfn=(1832)
calls=15 0 
0 88462
0 90
cob=(4)
cfi=(181)
cfn=(1770)
calls=15 0 
0 5112
0 183
cfn=(1994) monom_divides
calls=3 0 
0 903
0 12
cfn=(1834)
calls=1 0 
0 1587
0 6
cob=(4)
cfi=(181)
cfn=(2024)
calls=1 0 
0 131
0 8
cfn=(1834)
calls=1 0 
0 772
0 6
cob=(4)
cfi=(181)
cfn=(2024)
calls=1 0 
0 129
0 1004
cfn=(1994)
calls=23 0 
0 6692
0 86
cfn=(1996)
calls=8 0 
0 14535
0 48
cob=(4)
cfi=(181)
cfn=(1990)
calls=8 0 
0 442
0 614
cob=(4)
cfi=(181)
cfn=(1796)
calls=7 0 
0 567
0 49
cob=(4)
cfi=(181)
cfn=(1796)
calls=7 0 
0 1262
0 42
cob=(4)
cfi=(181)
cfn=(1866)
calls=7 0 
0 12128
0 35
cob=(4)
cfi=(181)
cfn=(1986)
calls=7 0 
0 147
0 295
cob=(4)
cfi=(181)
cfn=(1770)
calls=7 0 
0 1694
0 49
cob=(4)
cfi=(181)
cfn=(1990)
calls=7 0 
0 224
0 76
cob=(4)
cfi=(181)
cfn=(1800)
calls=6 0 
0 1503
0 30
cfn=(1828)
calls=6 0 
0 1066
0 30
cfn=(1828)
calls=6 0 
0 1108
0 30
cfn=(1828)
calls=6 0 
0 1428
0 42

fn=(1828)
0 117
cob=(4)
cfi=(181)
cfn=(1830)
calls=9 0 
0 1026
0 72
cob=(4)
cfi=(181)
cfn=(1830)
calls=9 0 
0 1026
0 1623
cob=(4)
cfi=(181)
cfn=(1830)
calls=111 0 
0 11787
0 956
cob=(4)
cfi=(181)
cfn=(1830)
calls=111 0 
0 11919
0 514
cob=(4)
cfi=(181)
cfn=(1830)
calls=10 0 
0 930
0 80
cob=(4)
cfi=(181)
cfn=(1830)
calls=10 0 
0 930
0 1447
cob=(4)
cfi=(181)
cfn=(1830)
calls=109 0 
0 11895
0 872
cob=(4)
cfi=(181)
cfn=(1830)
calls=109 0 
0 12023
0 327

fn=(2010) preprocessing
0 65
cfn=(1758)
calls=5 0 
0 791
0 15
cfn=(1758)
calls=5 0 
0 791
0 30
cfn=(1374)
calls=5 0 
0 95
0 25
cfn=(1374)
calls=5 0 
0 95
0 39
cfn=(1766)
calls=7 0 
0 1338
0 42
cfn=(1374)
calls=7 0 
0 133
0 168
cob=(4)
cfi=(181)
cfn=(2012)
calls=7 0 
0 17129
0 42
cob=(4)
cfi=(181)
cfn=(1770)
calls=7 0 
0 2155
0 14
cfn=(1766)
calls=7 0 
0 1338
0 42
cfn=(1374)
calls=7 0 
0 133
0 168
cob=(4)
cfi=(181)
cfn=(2012)
calls=7 0 
0 17129
0 42
cob=(4)
cfi=(181)
cfn=(1770)
calls=7 0 
0 581
0 84
cfn=(1996)
calls=7 0 
0 12507
0 97
cob=(4)
cfi=(181)
cfn=(2016)
calls=5 0 
0 230
0 137
cob=(4)
cfi=(181)
cfn=(1796)
calls=7 0 
0 1267
0 42
cfn=(2020)
calls=7 0 
0 581
0 28
cfn=(1766)
calls=7 0 
0 1281
0 42
cfn=(1374)
calls=7 0 
0 133
0 42
cob=(4)
cfi=(181)
cfn=(1768)
calls=7 0 
0 1902
0 42
cob=(4)
cfi=(181)
cfn=(1770)
calls=7 0 
0 1588
0 126
cob=(4)
cfi=(181)
cfn=(1796)
calls=14 0 
0 1134
0 84
cfn=(2020)
calls=14 0 
0 2624
0 54
cfn=(1766)
calls=13 0 
0 2379
0 78
cfn=(1374)
calls=13 0 
0 247
0 78
cob=(4)
cfi=(181)
cfn=(1768)
calls=13 0 
0 3094
0 78
cob=(4)
cfi=(181)
cfn=(1770)
calls=13 0 
0 4162
0 98
cfn=(2022)
calls=14 0 
0 112
0 84
cfn=(2022)
calls=14 0 
0 112
0 294
cfn=(2030)
calls=22 0 
0 4686
0 308
cob=(4)
cfi=(181)
cfn=(1770)
calls=22 0 
0 4697
0 132
cob=(4)
cfi=(181)
cfn=(1990)
calls=22 0 
0 1076
0 782
cob=(4)
cfi=(181)
cfn=(1796)
calls=84 0 
0 6804
0 504
cob=(4)
cfi=(181)
cfn=(2036)
calls=84 0 
0 93701
0 194
cfn=(1766)
calls=13 0 
0 2625
0 78
cfn=(1374)
calls=13 0 
0 247
0 91
cob=(4)
cfi=(181)
cfn=(2012)
calls=13 0 
0 32655
0 78
cob=(4)
cfi=(181)
cfn=(1770)
calls=13 0 
0 3474
0 104
cob=(4)
cfi=(181)
cfn=(1796)
calls=13 0 
0 1053
0 78
cfn=(2020)
calls=13 0 
0 3609
0 53
cob=(4)
cfi=(181)
cfn=(1272)
calls=9 0 
0 1698
0 54
cfn=(1374)
calls=9 0 
0 171
0 54
cob=(4)
cfi=(181)
cfn=(1796)
calls=9 0 
0 2225
0 54
cob=(4)
cfi=(181)
cfn=(1770)
calls=9 0 
0 747
0 78
cfn=(2022)
calls=13 0 
0 104
0 65
cfn=(2022)
calls=13 0 
0 104
0 805
cfn=(2200)
calls=5 0 
0 1496
0 25
cfn=(2200)
calls=5 0 
0 12389
0 25
cfn=(1828)
calls=5 0 
0 1260
0 25
cfn=(1828)
calls=5 0 
0 1260
0 30

fn=(2200)
0 1267
cfn=(1828)
calls=109 0 
0 26534
0 763
cob=(4)
cfi=(181)
cfn=(1830)
calls=109 0 
0 12420
0 888
cob=(4)
cfi=(181)
cfn=(1800)
calls=26 0 
0 7402
0 78

fn=(3106)
0 5

fn=(2004) sum
0 1320

fn=(1162)
0 12

fn=(3056)
0 108
cfn=(1828)
calls=9 0 
0 2268
0 72
cob=(4)
cfi=(181)
cfn=(1830)
calls=9 0 
0 1026
0 59
cob=(4)
cfi=(181)
cfn=(1830)
calls=2 0 
0 228
0 6

fn=(3074)
0 32
cob=(4)
cfi=(181)
cfn=(2286)
calls=3 0 
0 324
0 22
cob=(4)
cfi=(181)
cfn=(2286)
calls=1 0 
0 108
0 3

fn=(1372)
0 11
cob=(4)
cfi=(181)
cfn=(1272)
calls=1 0 
0 235
0 27
cob=(4)
cfi=(181)
cfn=(1272)
calls=3 0 
0 723
0 33
cfn=(1374)
calls=3 0 
0 57
0 23

fn=(1376)
0 29
cob=(4)
cfi=(181)
cfn=(1258)
calls=3 0 
0 519
0 9
cob=(4)
cfi=(181)
cfn=(1184)
calls=3 0 
0 48
0 21
cob=(4)
cfi=(181)
cfn=(1184)
calls=3 0 
0 48
0 39
cob=(4)
cfi=(181)
cfn=(1378)
calls=3 0 
0 52064
0 25

fn=(1844)
0 580

fn=(2002)
0 450
cfn=(1836)
calls=30 0 
0 210
0 1260
cob=(4)
cfi=(181)
cfn=(1838)
calls=30 0 
0 2280
0 150
cfn=(2004)
calls=30 0 
0 1320
0 210

fn=(2008)
0 70
cfn=(1758)
calls=5 0 
0 655
0 15
cfn=(1758)
calls=5 0 
0 791
0 30
cfn=(1374)
calls=5 0 
0 95
0 25
cfn=(1374)
calls=5 0 
0 95
0 30
cfn=(2010)
calls=5 0 
0 256939
0 30
cfn=(2202)
calls=5 0 
0 10473275
0 332
cob=(4)
cfi=(181)
cfn=(1796)
calls=23 0 
0 2563
0 994
cob=(4)
cfi=(181)
cfn=(1796)
calls=107 0 
0 9367
0 642
cob=(4)
cfi=(181)
cfn=(2024)
calls=107 0 
0 13977
0 1042
cob=(4)
cfi=(181)
cfn=(1770)
calls=3 0 
0 379
0 18
cob=(4)
cfi=(181)
cfn=(1990)
calls=3 0 
0 96
0 188
cfn=(2200)
calls=5 0 
0 11594
0 25
cfn=(2200)
calls=5 0 
0 9336
0 25
cfn=(1828)
calls=5 0 
0 1260
0 25
cfn=(1828)
calls=5 0 
0 1260
0 30

fn=(1150)
0 12
cob=(2)
cfi=(230)
cfn=(1152)
calls=1 242 
0 11208012

fn=(1994)
0 416
cfn=(1836)
calls=26 0 
0 182
0 1976
cob=(4)
cfi=(181)
cfn=(1838)
calls=26 0 
0 1976
0 182
cob=(4)
cfi=(181)
cfn=(1838)
calls=26 0 
0 1976
0 887

fn=(2000)
0 190
cfn=(2002)
calls=10 0 
0 1960

ob=(8)
fl=(223)
fn=(3224)
0 9
cob=(4)
cfi=(181)
cfn=(3230)
calls=1 0 
0 79
0 1
cfn=(3234) 0x000000000000a240
calls=1 0 
0 5
0 3

fn=(1476)
0 7008

fn=(1022)
0 12

fn=(3234)
0 5

ob=(5)
fl=(184)
fn=(3116)
0 9
cob=(4)
cfi=(181)
cfn=(3122)
calls=1 0 
0 80
0 1
cfn=(3126) 0x0000000000001060
calls=1 0 
0 5
0 3

fn=(600)
0 9

ob=(13)
fl=(229)
fn=(2000)
0 110
cfn=(2002)
calls=10 0 
0 1960
0 40

ob=(5)
fl=(184)
fn=(600)
0 3

fn=(3126)
0 5

ob=(13)
fl=(229)
fn=(2000)
0 158

fn=(3046)
0 38

ob=(3)
fl=(148)
fn=(460)
27 1
fi=(142) ./math/../sysdeps/x86_64/fpu/multiarch/ifunc-fma.h
+2 4
+1 3
fe=(148)
-3 1

fl=(147)
fn=(456)
27 1
fi=(142)
+2 4
+1 3
fe=(147)
-3 1

fl=(151)
fn=(472)
27 1
fi=(152) ./math/../sysdeps/x86_64/fpu/multiarch/ifunc-fma4.h
+4 4
+1 2
fe=(151)
-5 1

fl=(141)
fn=(440)
26 1
fi=(142)
+3 4
+1 3
fe=(141)
-4 1

fl=(285)
fn=(2866)
21 10
+1 10
+1 10

fl=(157)
fn=(492)
26 1
fi=(142)
+3 4
+1 3
fe=(157)
-4 1

fl=(166)
fn=(528)
26 1
fi=(144) ./math/../sysdeps/x86_64/fpu/multiarch/ifunc-avx-fma4.h
+6 5
+1 2
fe=(166)
-7 1

fl=(168)
fn=(534)
31 1
fi=(324) ./math/../sysdeps/x86_64/fpu/multiarch/ifunc-sse4_1.h
-2 5
fe=(168)
+2 1

fl=(150)
fn=(468)
30 1
fi=(142)
-1 4
+1 4
fe=(150)

fl=(161)
fn=(510)
26 1
fi=(144)
+6 5
+1 2
fe=(161)
-7 1

fl=(156)
fn=(498)
27 1
fi=(152)
+4 4
+1 2
fe=(156)
-5 1

fn=(488)
35 1
fi=(152)
-4 4
+1 2
+3 1
fe=(156)

fl=(146)
fn=(452)
34 2
fi=(144)
-2 10
+1 4
fe=(146)
+1 2

fn=(514)
27 1
fi=(144)
+5 5
+1 2
fe=(146)
-6 1

fl=(159)
fn=(502)
26 1
fi=(142)
+3 4
+1 3
fe=(159)
-4 1

fl=(145)
fn=(448)
27 1
fi=(142)
+2 4
+1 3
fe=(145)
-3 1

fl=(154)
fn=(480)
26 1
fi=(142)
+3 4
+1 3
fe=(154)
-4 1

fl=(143)
fn=(444)
27 1
fi=(144)
+5 5
+1 2
fe=(143)
-6 1

fl=(225)
fn=(3188)
0 9
cob=(4)
cfi=(181)
cfn=(3194)
calls=1 0 
0 80
0 1
cfn=(3198) 0x0000000000010430
calls=1 0 
0 5
0 3

fn=(1042)
0 12

fn=(3198)
0 5

fl=(160)
fn=(506)
27 1
fi=(142)
+2 4
+1 3
fe=(160)
-3 1

fl=(162)
fn=(518)
26 2
fi=(152)
+5 8
+1 4
fe=(162)
-6 2

fl=(155)
fn=(484)
27 1
fi=(144)
+5 5
+1 2
fe=(155)
-6 1

fl=(165)
fn=(526)
31 2
fi=(324)
-2 10
fe=(165)
+2 2

fl=(153)
fn=(476)
27 1
fi=(142)
+2 4
+1 3
fe=(153)
-3 1

fl=(158)
fn=(496)
49 6

fl=(149)
fn=(464)
26 1
fi=(142)
+3 4
+1 3
fe=(149)
-4 1

totals: 12549047
